Tanggal;Data
01/01/80;33
02/01/80;7
03/01/80;2
04/01/80;0
05/01/80;3
06/01/80;0
07/01/80;3
08/01/80;2
09/01/80;73
10/01/80;19
11/01/80;16
12/01/80;6
13/01/80;1
14/01/80;22
15/01/80;0
16/01/80;0
17/01/80;51
18/01/80;0
19/01/80;13
20/01/80;13
21/01/80;83
22/01/80;15
23/01/80;9
24/01/80;0
25/01/80;40
26/01/80;32
27/01/80;1
28/01/80;0
29/01/80;32
30/01/80;30
31/01/80;11
01/02/80;1
02/02/80;1
03/02/80;1
04/02/80;0
05/02/80;0
06/02/80;65
07/02/80;0
08/02/80;1
09/02/80;2
10/02/80;0
11/02/80;13
12/02/80;3
13/02/80;23
14/02/80;3
15/02/80;1
16/02/80;5
17/02/80;0
18/02/80;7
19/02/80;0
20/02/80;2
21/02/80;27
22/02/80;73
23/02/80;27
24/02/80;3
25/02/80;7
26/02/80;1
27/02/80;1
28/02/80;9
29/02/80;20
01/03/80;13
02/03/80;10
03/03/80;5
04/03/80;4
05/03/80;0
06/03/80;2
07/03/80;1
08/03/80;1
09/03/80;1
10/03/80;6
11/03/80;4
12/03/80;5
13/03/80;8
14/03/80;0
15/03/80;0
16/03/80;0
17/03/80;7
18/03/80;12
19/03/80;5
20/03/80;15
21/03/80;3
22/03/80;14
23/03/80;0
24/03/80;0
25/03/80;0
26/03/80;0
27/03/80;2
28/03/80;0
29/03/80;2
30/03/80;1
31/03/80;13
01/04/80;0
02/04/80;0
03/04/80;0
04/04/80;39
05/04/80;16
06/04/80;62
07/04/80;21
08/04/80;25
09/04/80;5
10/04/80;2
11/04/80;15
12/04/80;5
13/04/80;3
14/04/80;1
15/04/80;14
16/04/80;33
17/04/80;25
18/04/80;10
19/04/80;0
20/04/80;8
21/04/80;2
22/04/80;0
23/04/80;1
24/04/80;17
25/04/80;4
26/04/80;0
27/04/80;4
28/04/80;0
29/04/80;0
30/04/80;13
01/05/80;1
02/05/80;6
03/05/80;0
04/05/80;0
05/05/80;0
06/05/80;13
07/05/80;50
08/05/80;1
09/05/80;0
10/05/80;0
11/05/80;0
12/05/80;0
13/05/80;0
14/05/80;0
15/05/80;0
16/05/80;0
17/05/80;0
18/05/80;0
19/05/80;0
20/05/80;0
21/05/80;0
22/05/80;0
23/05/80;0
24/05/80;0
25/05/80;0
26/05/80;0
27/05/80;0
28/05/80;0
29/05/80;0
30/05/80;0
31/05/80;0
01/06/80;0
02/06/80;0
03/06/80;0
04/06/80;0
05/06/80;0
06/06/80;0
07/06/80;0
08/06/80;0
09/06/80;0
10/06/80;0
11/06/80;0
12/06/80;0
13/06/80;0
14/06/80;0
15/06/80;0
16/06/80;0
17/06/80;0
18/06/80;0
19/06/80;7
20/06/80;0
21/06/80;0
22/06/80;0
23/06/80;0
24/06/80;0
25/06/80;0
26/06/80;0
27/06/80;0
28/06/80;0
29/06/80;0
30/06/80;0
01/07/80;0
02/07/80;0
03/07/80;0
04/07/80;0
05/07/80;0
06/07/80;0
07/07/80;0
08/07/80;0
09/07/80;2
10/07/80;0
11/07/80;0
12/07/80;0
13/07/80;0
14/07/80;9
15/07/80;0
16/07/80;3
17/07/80;0
18/07/80;0
19/07/80;0
20/07/80;0
21/07/80;0
22/07/80;0
23/07/80;0
24/07/80;0
25/07/80;0
26/07/80;0
27/07/80;0
28/07/80;0
29/07/80;0
30/07/80;2
31/07/80;42
01/08/80;0
02/08/80;0
03/08/80;0
04/08/80;0
05/08/80;0
06/08/80;0
07/08/80;0
08/08/80;9
09/08/80;31
10/08/80;0
11/08/80;0
12/08/80;0
13/08/80;0
14/08/80;0
15/08/80;0
16/08/80;0
17/08/80;10
18/08/80;0
19/08/80;0
20/08/80;0
21/08/80;0
22/08/80;0
23/08/80;0
24/08/80;0
25/08/80;0
26/08/80;0
27/08/80;0
28/08/80;0
29/08/80;0
30/08/80;0
31/08/80;0
01/09/80;6
02/09/80;0
03/09/80;0
04/09/80;0
05/09/80;0
06/09/80;0
07/09/80;0
08/09/80;0
09/09/80;0
10/09/80;0
11/09/80;0
12/09/80;0
13/09/80;0
14/09/80;0
15/09/80;0
16/09/80;0
17/09/80;0
18/09/80;0
19/09/80;0
20/09/80;0
21/09/80;0
22/09/80;0
23/09/80;0
24/09/80;0
25/09/80;0
26/09/80;0
27/09/80;0
28/09/80;13
29/09/80;0
30/09/80;0
01/10/80;0
02/10/80;0
03/10/80;0
04/10/80;0
05/10/80;1
06/10/80;0
07/10/80;0
08/10/80;0
09/10/80;0
10/10/80;0
11/10/80;0
12/10/80;2
13/10/80;12
14/10/80;33
15/10/80;0
16/10/80;14
17/10/80;2
18/10/80;0
19/10/80;0
20/10/80;0
21/10/80;0
22/10/80;0
23/10/80;76
24/10/80;39
25/10/80;0
26/10/80;0
27/10/80;0
28/10/80;0
29/10/80;70
30/10/80;18
31/10/80;0
01/11/80;0
02/11/80;0
03/11/80;0
04/11/80;27
05/11/80;0
06/11/80;3
07/11/80;0
08/11/80;1
09/11/80;9
10/11/80;4
11/11/80;2
12/11/80;0
13/11/80;23
14/11/80;37
15/11/80;0
16/11/80;0
17/11/80;15
18/11/80;33
19/11/80;49
20/11/80;28
21/11/80;0
22/11/80;9
23/11/80;0
24/11/80;4
25/11/80;3
26/11/80;33
27/11/80;8
28/11/80;11
29/11/80;69
30/11/80;18
01/12/80;3
02/12/80;2
03/12/80;5
04/12/80;2
05/12/80;4
06/12/80;2
07/12/80;1
08/12/80;15
09/12/80;15
10/12/80;4
11/12/80;13
12/12/80;2
13/12/80;9
14/12/80;0
15/12/80;0
16/12/80;0
17/12/80;0
18/12/80;6
19/12/80;7
20/12/80;6
21/12/80;0
22/12/80;0
23/12/80;14
24/12/80;24
25/12/80;1
26/12/80;4
27/12/80;3
28/12/80;12
29/12/80;66
30/12/80;33
31/12/80;50
01/01/81;3
02/01/81;0
03/01/81;24
04/01/81;50
05/01/81;0
06/01/81;4
07/01/81;27
08/01/81;43
09/01/81;0
10/01/81;0
11/01/81;0
12/01/81;3
13/01/81;18
14/01/81;31
15/01/81;51
16/01/81;7
17/01/81;8
18/01/81;6
19/01/81;55
20/01/81;0
21/01/81;27
22/01/81;50
23/01/81;17
24/01/81;7
25/01/81;0
26/01/81;5
27/01/81;10
28/01/81;79
29/01/81;0
30/01/81;8
31/01/81;1
01/02/81;18
02/02/81;0
03/02/81;30
04/02/81;8
05/02/81;16
06/02/81;13
07/02/81;1
08/02/81;22
09/02/81;43
10/02/81;14
11/02/81;2
12/02/81;3
13/02/81;2
14/02/81;4
15/02/81;68
16/02/81;2
17/02/81;1
18/02/81;0
19/02/81;0
20/02/81;2
21/02/81;0
22/02/81;1
23/02/81;12
24/02/81;45
25/02/81;2
26/02/81;6
27/02/81;30
28/02/81;50
01/03/81;0
02/03/81;15
03/03/81;0
04/03/81;32
05/03/81;0
06/03/81;4
07/03/81;6
08/03/81;0
09/03/81;0
10/03/81;0
11/03/81;39
12/03/81;2
13/03/81;12
14/03/81;13
15/03/81;12
16/03/81;0
17/03/81;18
18/03/81;15
19/03/81;2
20/03/81;0
21/03/81;0
22/03/81;0
23/03/81;6
24/03/81;0
25/03/81;16
26/03/81;0
27/03/81;19
28/03/81;56
29/03/81;24
30/03/81;23
31/03/81;0
01/04/81;15
02/04/81;6
03/04/81;9
04/04/81;4
05/04/81;6
06/04/81;0
07/04/81;0
08/04/81;1
09/04/81;0
10/04/81;7
11/04/81;7
12/04/81;6
13/04/81;1
14/04/81;0
15/04/81;0
16/04/81;5
17/04/81;3
18/04/81;0
19/04/81;26
20/04/81;1
21/04/81;1
22/04/81;11
23/04/81;15
24/04/81;0
25/04/81;7
26/04/81;0
27/04/81;10
28/04/81;28
29/04/81;96
30/04/81;20
01/05/81;6
02/05/81;45
03/05/81;0
04/05/81;14
05/05/81;4
06/05/81;49
07/05/81;12
08/05/81;20
09/05/81;29
10/05/81;12
11/05/81;0
12/05/81;0
13/05/81;0
14/05/81;31
15/05/81;0
16/05/81;1
17/05/81;24
18/05/81;17
19/05/81;34
20/05/81;0
21/05/81;0
22/05/81;0
23/05/81;0
24/05/81;0
25/05/81;0
26/05/81;0
27/05/81;0
28/05/81;0
29/05/81;0
30/05/81;0
31/05/81;0
01/06/81;0
02/06/81;0
03/06/81;0
04/06/81;0
05/06/81;0
06/06/81;0
07/06/81;0
08/06/81;0
09/06/81;0
10/06/81;0
11/06/81;0
12/06/81;0
13/06/81;0
14/06/81;0
15/06/81;0
16/06/81;0
17/06/81;0
18/06/81;0
19/06/81;9
20/06/81;10
21/06/81;13
22/06/81;0
23/06/81;3
24/06/81;12
25/06/81;2
26/06/81;7
27/06/81;13
28/06/81;4
29/06/81;0
30/06/81;0
01/07/81;2
02/07/81;0
03/07/81;0
04/07/81;0
05/07/81;0
06/07/81;1
07/07/81;12
08/07/81;0
09/07/81;0
10/07/81;0
11/07/81;26
12/07/81;4
13/07/81;0
14/07/81;1
15/07/81;15
16/07/81;0
17/07/81;0
18/07/81;8
19/07/81;0
20/07/81;0
21/07/81;0
22/07/81;0
23/07/81;0
24/07/81;0
25/07/81;0
26/07/81;0
27/07/81;0
28/07/81;0
29/07/81;0
30/07/81;0
31/07/81;0
01/08/81;0
02/08/81;1
03/08/81;0
04/08/81;5
05/08/81;0
06/08/81;0
07/08/81;0
08/08/81;0
09/08/81;0
10/08/81;0
11/08/81;0
12/08/81;0
13/08/81;0
14/08/81;0
15/08/81;0
16/08/81;0
17/08/81;0
18/08/81;0
19/08/81;0
20/08/81;0
21/08/81;4
22/08/81;0
23/08/81;0
24/08/81;0
25/08/81;0
26/08/81;7
27/08/81;0
28/08/81;0
29/08/81;1
30/08/81;0
31/08/81;0
01/09/81;0
02/09/81;0
03/09/81;0
04/09/81;0
05/09/81;0
06/09/81;0
07/09/81;0
08/09/81;0
09/09/81;0
10/09/81;0
11/09/81;0
12/09/81;0
13/09/81;0
14/09/81;0
15/09/81;0
16/09/81;1
17/09/81;0
18/09/81;16
19/09/81;0
20/09/81;0
21/09/81;0
22/09/81;0
23/09/81;0
24/09/81;0
25/09/81;13
26/09/81;2
27/09/81;0
28/09/81;47
29/09/81;0
30/09/81;21
01/10/81;0
02/10/81;0
03/10/81;0
04/10/81;6
05/10/81;0
06/10/81;0
07/10/81;0
08/10/81;0
09/10/81;0
10/10/81;0
11/10/81;17
12/10/81;0
13/10/81;0
14/10/81;0
15/10/81;0
16/10/81;0
17/10/81;0
18/10/81;0
19/10/81;0
20/10/81;0
21/10/81;0
22/10/81;0
23/10/81;0
24/10/81;0
25/10/81;1
26/10/81;3
27/10/81;3
28/10/81;0
29/10/81;0
30/10/81;3
31/10/81;0
01/11/81;0
02/11/81;0
03/11/81;0
04/11/81;8
05/11/81;67
06/11/81;0
07/11/81;0
08/11/81;0
09/11/81;75
10/11/81;17
11/11/81;62
12/11/81;40
13/11/81;2
14/11/81;60
15/11/81;0
16/11/81;8
17/11/81;40
18/11/81;0
19/11/81;0
20/11/81;0
21/11/81;0
22/11/81;0
23/11/81;28
24/11/81;87
25/11/81;0
26/11/81;53
27/11/81;8
28/11/81;10
29/11/81;18
30/11/81;57
01/12/81;25
02/12/81;44
03/12/81;0
04/12/81;59
05/12/81;3
06/12/81;14
07/12/81;4
08/12/81;29
09/12/81;7
10/12/81;27
11/12/81;0
12/12/81;0
13/12/81;8
14/12/81;0
15/12/81;72
16/12/81;0
17/12/81;0
18/12/81;0
19/12/81;0
20/12/81;27
21/12/81;2
22/12/81;10
23/12/81;0
24/12/81;0
25/12/81;17
26/12/81;28
27/12/81;4
28/12/81;0
29/12/81;8
30/12/81;8
31/12/81;2
01/01/82;5
02/01/82;8
03/01/82;23
04/01/82;17
05/01/82;0
06/01/82;79
07/01/82;27
08/01/82;54
09/01/82;32
10/01/82;37
11/01/82;62
12/01/82;89
13/01/82;12
14/01/82;12
15/01/82;0
16/01/82;28
17/01/82;4
18/01/82;12
19/01/82;3
20/01/82;7
21/01/82;3
22/01/82;5
23/01/82;37
24/01/82;0
25/01/82;7
26/01/82;29
27/01/82;49
28/01/82;0
29/01/82;16
30/01/82;4
31/01/82;49
01/02/82;0
02/02/82;22
03/02/82;17
04/02/82;0
05/02/82;11
06/02/82;74
07/02/82;59
08/02/82;17
09/02/82;3
10/02/82;26
11/02/82;3
12/02/82;0
13/02/82;29
14/02/82;6
15/02/82;4
16/02/82;15
17/02/82;39
18/02/82;16
19/02/82;3
20/02/82;1
21/02/82;2
22/02/82;9
23/02/82;3
24/02/82;43
25/02/82;97
26/02/82;55
27/02/82;0
28/02/82;16
01/03/82;0
02/03/82;11
03/03/82;0
04/03/82;25
05/03/82;8
06/03/82;19
07/03/82;0
08/03/82;2
09/03/82;11
10/03/82;16
11/03/82;15
12/03/82;43
13/03/82;7
14/03/82;23
15/03/82;29
16/03/82;0
17/03/82;0
18/03/82;0
19/03/82;0
20/03/82;2
21/03/82;8
22/03/82;0
23/03/82;0
24/03/82;0
25/03/82;9
26/03/82;32
27/03/82;0
28/03/82;0
29/03/82;0
30/03/82;0
31/03/82;0
01/04/82;0
02/04/82;4
03/04/82;16
04/04/82;0
05/04/82;0
06/04/82;2
07/04/82;49
08/04/82;13
09/04/82;33
10/04/82;2
11/04/82;0
12/04/82;0
13/04/82;26
14/04/82;19
15/04/82;10
16/04/82;0
17/04/82;0
18/04/82;0
19/04/82;0
20/04/82;0
21/04/82;0
22/04/82;0
23/04/82;6
24/04/82;31
25/04/82;80
26/04/82;13
27/04/82;2
28/04/82;33
29/04/82;2
30/04/82;14
01/05/82;0
02/05/82;5
03/05/82;6
04/05/82;0
05/05/82;0
06/05/82;0
07/05/82;0
08/05/82;0
09/05/82;0
10/05/82;0
11/05/82;0
12/05/82;0
13/05/82;0
14/05/82;0
15/05/82;0
16/05/82;0
17/05/82;0
18/05/82;0
19/05/82;6
20/05/82;0
21/05/82;0
22/05/82;0
23/05/82;0
24/05/82;0
25/05/82;0
26/05/82;0
27/05/82;19
28/05/82;0
29/05/82;0
30/05/82;0
31/05/82;1
01/06/82;0
02/06/82;0
03/06/82;0
04/06/82;0
05/06/82;0
06/06/82;0
07/06/82;0
08/06/82;0
09/06/82;0
10/06/82;0
11/06/82;0
12/06/82;0
13/06/82;0
14/06/82;0
15/06/82;0
16/06/82;0
17/06/82;0
18/06/82;1
19/06/82;0
20/06/82;0
21/06/82;0
22/06/82;0
23/06/82;0
24/06/82;0
25/06/82;0
26/06/82;0
27/06/82;0
28/06/82;0
29/06/82;0
30/06/82;0
01/07/82;0
02/07/82;0
03/07/82;0
04/07/82;0
05/07/82;0
06/07/82;0
07/07/82;0
08/07/82;0
09/07/82;0
10/07/82;0
11/07/82;0
12/07/82;0
13/07/82;0
14/07/82;0
15/07/82;0
16/07/82;0
17/07/82;0
18/07/82;0
19/07/82;0
20/07/82;4
21/07/82;0
22/07/82;0
23/07/82;0
24/07/82;0
25/07/82;0
26/07/82;0
27/07/82;0
28/07/82;0
29/07/82;0
30/07/82;0
31/07/82;0
01/08/82;0
02/08/82;0
03/08/82;0
04/08/82;0
05/08/82;0
06/08/82;0
07/08/82;0
08/08/82;0
09/08/82;0
10/08/82;0
11/08/82;0
12/08/82;0
13/08/82;0
14/08/82;0
15/08/82;0
16/08/82;0
17/08/82;0
18/08/82;0
19/08/82;0
20/08/82;0
21/08/82;0
22/08/82;0
23/08/82;0
24/08/82;0
25/08/82;0
26/08/82;0
27/08/82;0
28/08/82;0
29/08/82;0
30/08/82;0
31/08/82;0
01/09/82;0
02/09/82;0
03/09/82;0
04/09/82;0
05/09/82;0
06/09/82;0
07/09/82;0
08/09/82;1
09/09/82;0
10/09/82;0
11/09/82;0
12/09/82;0
13/09/82;0
14/09/82;0
15/09/82;0
16/09/82;0
17/09/82;0
18/09/82;1
19/09/82;0
20/09/82;0
21/09/82;0
22/09/82;0
23/09/82;0
24/09/82;0
25/09/82;0
26/09/82;0
27/09/82;0
28/09/82;0
29/09/82;0
30/09/82;1
01/10/82;0
02/10/82;0
03/10/82;0
04/10/82;0
05/10/82;0
06/10/82;0
07/10/82;0
08/10/82;0
09/10/82;0
10/10/82;0
11/10/82;0
12/10/82;0
13/10/82;0
14/10/82;0
15/10/82;0
16/10/82;0
17/10/82;0
18/10/82;0
19/10/82;0
20/10/82;0
21/10/82;0
22/10/82;0
23/10/82;0
24/10/82;0
25/10/82;0
26/10/82;0
27/10/82;0
28/10/82;0
29/10/82;0
30/10/82;5
31/10/82;1
01/11/82;0
02/11/82;0
03/11/82;0
04/11/82;0
05/11/82;0
06/11/82;0
07/11/82;0
08/11/82;0
09/11/82;0
10/11/82;0
11/11/82;8
12/11/82;0
13/11/82;4
14/11/82;19
15/11/82;0
16/11/82;0
17/11/82;0
18/11/82;0
19/11/82;9
20/11/82;0
21/11/82;0
22/11/82;13
23/11/82;0
24/11/82;0
25/11/82;0
26/11/82;0
27/11/82;0
28/11/82;0
29/11/82;0
30/11/82;0
01/12/82;0
02/12/82;0
03/12/82;0
04/12/82;0
05/12/82;46
06/12/82;36
07/12/82;31
08/12/82;17
09/12/82;46
10/12/82;31
11/12/82;17
12/12/82;0
13/12/82;23
14/12/82;9
15/12/82;0
16/12/82;0
17/12/82;22
18/12/82;3
19/12/82;12
20/12/82;3
21/12/82;0
22/12/82;29
23/12/82;4
24/12/82;5
25/12/82;1
26/12/82;81
27/12/82;0
28/12/82;7
29/12/82;26
30/12/82;45
31/12/82;1
01/01/83;51
02/01/83;25
03/01/83;24
04/01/83;60
05/01/83;1
06/01/83;7
07/01/83;69
08/01/83;1
09/01/83;10
10/01/83;1
11/01/83;8
12/01/83;0
13/01/83;14
14/01/83;0
15/01/83;0
16/01/83;22
17/01/83;45
18/01/83;54
19/01/83;48
20/01/83;39
21/01/83;0
22/01/83;0
23/01/83;0
24/01/83;0
25/01/83;0
26/01/83;1
27/01/83;0
28/01/83;0
29/01/83;0
30/01/83;36
31/01/83;4
01/02/83;1
02/02/83;10
03/02/83;13
04/02/83;19
05/02/83;4
06/02/83;54
07/02/83;11
08/02/83;14
09/02/83;40
10/02/83;8
11/02/83;0
12/02/83;1
13/02/83;30
14/02/83;24
15/02/83;21
16/02/83;4
17/02/83;10
18/02/83;27
19/02/83;1
20/02/83;0
21/02/83;70
22/02/83;73
23/02/83;57
24/02/83;0
25/02/83;0
26/02/83;5
27/02/83;30
28/02/83;36
01/03/83;2
02/03/83;0
03/03/83;2
04/03/83;0
05/03/83;37
06/03/83;21
07/03/83;0
08/03/83;17
09/03/83;0
10/03/83;0
11/03/83;6
12/03/83;14
13/03/83;23
14/03/83;1
15/03/83;4
16/03/83;0
17/03/83;0
18/03/83;2
19/03/83;23
20/03/83;22
21/03/83;38
22/03/83;9
23/03/83;14
24/03/83;0
25/03/83;0
26/03/83;12
27/03/83;5
28/03/83;34
29/03/83;0
30/03/83;0
31/03/83;8
01/04/83;8
02/04/83;5
03/04/83;1
04/04/83;16
05/04/83;5
06/04/83;0
07/04/83;16
08/04/83;0
09/04/83;0
10/04/83;0
11/04/83;4
12/04/83;0
13/04/83;8
14/04/83;55
15/04/83;50
16/04/83;0
17/04/83;0
18/04/83;0
19/04/83;0
20/04/83;0
21/04/83;0
22/04/83;10
23/04/83;0
24/04/83;0
25/04/83;0
26/04/83;0
27/04/83;20
28/04/83;0
29/04/83;1
30/04/83;30
01/05/83;0
02/05/83;25
03/05/83;13
04/05/83;12
05/05/83;79
06/05/83;0
07/05/83;0
08/05/83;0
09/05/83;23
10/05/83;0
11/05/83;0
12/05/83;0
13/05/83;28
14/05/83;10
15/05/83;31
16/05/83;44
17/05/83;0
18/05/83;41
19/05/83;8
20/05/83;1
21/05/83;0
22/05/83;0
23/05/83;8
24/05/83;9
25/05/83;7
26/05/83;0
27/05/83;0
28/05/83;4
29/05/83;6
30/05/83;0
31/05/83;1
01/06/83;1
02/06/83;12
03/06/83;0
04/06/83;0
05/06/83;0
06/06/83;0
07/06/83;0
08/06/83;0
09/06/83;0
10/06/83;14
11/06/83;7
12/06/83;0
13/06/83;0
14/06/83;0
15/06/83;0
16/06/83;0
17/06/83;0
18/06/83;0
19/06/83;0
20/06/83;0
21/06/83;0
22/06/83;0
23/06/83;0
24/06/83;0
25/06/83;0
26/06/83;0
27/06/83;0
28/06/83;0
29/06/83;0
30/06/83;0
01/07/83;0
02/07/83;0
03/07/83;0
04/07/83;0
05/07/83;0
06/07/83;0
07/07/83;0
08/07/83;0
09/07/83;0
10/07/83;0
11/07/83;0
12/07/83;0
13/07/83;0
14/07/83;0
15/07/83;0
16/07/83;0
17/07/83;0
18/07/83;0
19/07/83;4
20/07/83;0
21/07/83;0
22/07/83;0
23/07/83;0
24/07/83;0
25/07/83;0
26/07/83;0
27/07/83;0
28/07/83;0
29/07/83;0
30/07/83;0
31/07/83;0
01/08/83;0
02/08/83;0
03/08/83;0
04/08/83;0
05/08/83;0
06/08/83;0
07/08/83;0
08/08/83;0
09/08/83;0
10/08/83;0
11/08/83;0
12/08/83;0
13/08/83;0
14/08/83;0
15/08/83;0
16/08/83;0
17/08/83;0
18/08/83;0
19/08/83;0
20/08/83;0
21/08/83;0
22/08/83;0
23/08/83;0
24/08/83;0
25/08/83;0
26/08/83;0
27/08/83;0
28/08/83;0
29/08/83;0
30/08/83;0
31/08/83;0
01/09/83;0
02/09/83;0
03/09/83;0
04/09/83;0
05/09/83;0
06/09/83;0
07/09/83;0
08/09/83;0
09/09/83;0
10/09/83;0
11/09/83;0
12/09/83;0
13/09/83;0
14/09/83;0
15/09/83;0
16/09/83;0
17/09/83;0
18/09/83;0
19/09/83;0
20/09/83;0
21/09/83;0
22/09/83;0
23/09/83;0
24/09/83;20
25/09/83;0
26/09/83;0
27/09/83;0
28/09/83;0
29/09/83;0
30/09/83;0
01/10/83;0
02/10/83;0
03/10/83;0
04/10/83;0
05/10/83;2
06/10/83;0
07/10/83;0
08/10/83;0
09/10/83;0
10/10/83;0
11/10/83;0
12/10/83;0
13/10/83;12
14/10/83;8
15/10/83;10
16/10/83;0
17/10/83;0
18/10/83;0
19/10/83;0
20/10/83;16
21/10/83;0
22/10/83;0
23/10/83;16
24/10/83;0
25/10/83;36
26/10/83;10
27/10/83;25
28/10/83;3
29/10/83;2
30/10/83;39
31/10/83;55
01/11/83;2
02/11/83;4
03/11/83;24
04/11/83;25
05/11/83;28
06/11/83;34
07/11/83;5
08/11/83;7
09/11/83;0
10/11/83;0
11/11/83;27
12/11/83;10
13/11/83;46
14/11/83;3
15/11/83;29
16/11/83;4
17/11/83;10
18/11/83;33
19/11/83;10
20/11/83;156
21/11/83;5
22/11/83;11
23/11/83;22
24/11/83;61
25/11/83;8
26/11/83;0
27/11/83;6
28/11/83;7
29/11/83;12
30/11/83;19
01/12/83;0
02/12/83;4
03/12/83;3
04/12/83;0
05/12/83;0
06/12/83;0
07/12/83;13
08/12/83;23
09/12/83;9
10/12/83;15
11/12/83;20
12/12/83;0
13/12/83;0
14/12/83;56
15/12/83;7
16/12/83;7
17/12/83;0
18/12/83;0
19/12/83;0
20/12/83;0
21/12/83;3
22/12/83;27
23/12/83;33
24/12/83;13
25/12/83;35
26/12/83;26
27/12/83;22
28/12/83;10
29/12/83;38
30/12/83;0
31/12/83;31
01/01/84;26
02/01/84;2
03/01/84;1
04/01/84;25
05/01/84;22
06/01/84;7
07/01/84;3
08/01/84;0
09/01/84;43
10/01/84;20
11/01/84;45
12/01/84;27
13/01/84;60
14/01/84;22
15/01/84;3
16/01/84;3
17/01/84;31
18/01/84;1
19/01/84;17
20/01/84;1
21/01/84;25
22/01/84;7
23/01/84;13
24/01/84;38
25/01/84;2
26/01/84;9
27/01/84;9
28/01/84;35
29/01/84;28
30/01/84;8
31/01/84;35
01/02/84;51
02/02/84;7
03/02/84;44
04/02/84;41
05/02/84;32
06/02/84;7
07/02/84;0
08/02/84;0
09/02/84;77
10/02/84;28
11/02/84;18
12/02/84;21
13/02/84;7
14/02/84;2
15/02/84;8
16/02/84;1
17/02/84;4
18/02/84;58
19/02/84;51
20/02/84;29
21/02/84;2
22/02/84;19
23/02/84;20
24/02/84;6
25/02/84;0
26/02/84;17
27/02/84;6
28/02/84;0
29/02/84;0
01/03/84;0
02/03/84;59
03/03/84;2
04/03/84;88
05/03/84;14
06/03/84;10
07/03/84;2
08/03/84;65
09/03/84;19
10/03/84;10
11/03/84;0
12/03/84;37
13/03/84;3
14/03/84;3
15/03/84;0
16/03/84;40
17/03/84;18
18/03/84;0
19/03/84;2
20/03/84;35
21/03/84;0
22/03/84;3
23/03/84;8
24/03/84;41
25/03/84;0
26/03/84;0
27/03/84;0
28/03/84;19
29/03/84;5
30/03/84;3
31/03/84;0
01/04/84;4
02/04/84;0
03/04/84;0
04/04/84;15
05/04/84;18
06/04/84;42
07/04/84;2
08/04/84;2
09/04/84;64
10/04/84;36
11/04/84;21
12/04/84;9
13/04/84;23
14/04/84;9
15/04/84;2
16/04/84;10
17/04/84;12
18/04/84;0
19/04/84;0
20/04/84;4
21/04/84;9
22/04/84;0
23/04/84;0
24/04/84;14
25/04/84;0
26/04/84;14
27/04/84;0
28/04/84;53
29/04/84;12
30/04/84;0
01/05/84;0
02/05/84;2
03/05/84;3
04/05/84;0
05/05/84;0
06/05/84;45
07/05/84;6
08/05/84;0
09/05/84;3
10/05/84;0
11/05/84;0
12/05/84;2
13/05/84;0
14/05/84;1
15/05/84;9
16/05/84;0
17/05/84;14
18/05/84;4
19/05/84;0
20/05/84;20
21/05/84;0
22/05/84;0
23/05/84;0
24/05/84;6
25/05/84;0
26/05/84;0
27/05/84;0
28/05/84;0
29/05/84;0
30/05/84;0
31/05/84;0
01/06/84;0
02/06/84;0
03/06/84;0
04/06/84;0
05/06/84;0
06/06/84;0
07/06/84;0
08/06/84;0
09/06/84;0
10/06/84;11
11/06/84;2
12/06/84;0
13/06/84;0
14/06/84;0
15/06/84;0
16/06/84;0
17/06/84;0
18/06/84;0
19/06/84;0
20/06/84;0
21/06/84;0
22/06/84;0
23/06/84;0
24/06/84;0
25/06/84;0
26/06/84;0
27/06/84;0
28/06/84;0
29/06/84;0
30/06/84;12
01/07/84;93
02/07/84;0
03/07/84;0
04/07/84;0
05/07/84;20
06/07/84;0
07/07/84;0
08/07/84;0
09/07/84;0
10/07/84;0
11/07/84;0
12/07/84;0
13/07/84;0
14/07/84;0
15/07/84;0
16/07/84;0
17/07/84;0
18/07/84;3
19/07/84;0
20/07/84;0
21/07/84;0
22/07/84;0
23/07/84;0
24/07/84;0
25/07/84;0
26/07/84;0
27/07/84;0
28/07/84;0
29/07/84;0
30/07/84;0
31/07/84;0
01/08/84;0
02/08/84;0
03/08/84;0
04/08/84;0
05/08/84;0
06/08/84;0
07/08/84;0
08/08/84;0
09/08/84;0
10/08/84;0
11/08/84;0
12/08/84;0
13/08/84;0
14/08/84;0
15/08/84;0
16/08/84;0
17/08/84;0
18/08/84;0
19/08/84;0
20/08/84;0
21/08/84;0
22/08/84;0
23/08/84;0
24/08/84;0
25/08/84;0
26/08/84;22
27/08/84;27
28/08/84;0
29/08/84;0
30/08/84;0
31/08/84;0
01/09/84;0
02/09/84;0
03/09/84;6
04/09/84;54
05/09/84;32
06/09/84;9
07/09/84;4
08/09/84;4
09/09/84;0
10/09/84;26
11/09/84;39
12/09/84;4
13/09/84;1
14/09/84;29
15/09/84;42
16/09/84;62
17/09/84;43
18/09/84;6
19/09/84;6
20/09/84;0
21/09/84;4
22/09/84;0
23/09/84;0
24/09/84;6
25/09/84;3
26/09/84;0
27/09/84;12
28/09/84;0
29/09/84;0
30/09/84;0
01/10/84;0
02/10/84;3
03/10/84;8
04/10/84;3
05/10/84;7
06/10/84;39
07/10/84;7
08/10/84;0
09/10/84;0
10/10/84;0
11/10/84;0
12/10/84;31
13/10/84;14
14/10/84;1
15/10/84;0
16/10/84;3
17/10/84;0
18/10/84;0
19/10/84;3
20/10/84;0
21/10/84;0
22/10/84;1
23/10/84;0
24/10/84;0
25/10/84;0
26/10/84;0
27/10/84;0
28/10/84;1
29/10/84;0
30/10/84;0
31/10/84;0
01/11/84;0
02/11/84;11
03/11/84;0
04/11/84;0
05/11/84;5
06/11/84;0
07/11/84;0
08/11/84;0
09/11/84;0
10/11/84;0
11/11/84;0
12/11/84;0
13/11/84;0
14/11/84;0
15/11/84;0
16/11/84;3
17/11/84;4
18/11/84;0
19/11/84;0
20/11/84;0
21/11/84;0
22/11/84;7
23/11/84;1
24/11/84;8
25/11/84;28
26/11/84;22
27/11/84;34
28/11/84;5
29/11/84;5
30/11/84;2
01/12/84;43
02/12/84;26
03/12/84;22
04/12/84;2
05/12/84;57
06/12/84;19
07/12/84;40
08/12/84;0
09/12/84;0
10/12/84;0
11/12/84;63
12/12/84;17
13/12/84;73
14/12/84;5
15/12/84;2
16/12/84;9
17/12/84;4
18/12/84;0
19/12/84;0
20/12/84;0
21/12/84;0
22/12/84;0
23/12/84;29
24/12/84;5
25/12/84;42
26/12/84;38
27/12/84;0
28/12/84;34
29/12/84;10
30/12/84;2
31/12/84;6
01/01/85;0
02/01/85;3
03/01/85;0
04/01/85;0
05/01/85;1
06/01/85;9
07/01/85;6
08/01/85;0
09/01/85;47
10/01/85;8
11/01/85;1
12/01/85;1
13/01/85;0
14/01/85;0
15/01/85;18
16/01/85;5
17/01/85;30
18/01/85;0
19/01/85;2
20/01/85;33
21/01/85;26
22/01/85;0
23/01/85;0
24/01/85;22
25/01/85;0
26/01/85;20
27/01/85;7
28/01/85;0
29/01/85;14
30/01/85;9
31/01/85;0
01/02/85;0
02/02/85;2
03/02/85;1
04/02/85;7
05/02/85;0
06/02/85;38
07/02/85;57
08/02/85;49
09/02/85;58
10/02/85;7
11/02/85;44
12/02/85;59
13/02/85;10
14/02/85;39
15/02/85;4
16/02/85;0
17/02/85;0
18/02/85;13
19/02/85;0
20/02/85;21
21/02/85;14
22/02/85;36
23/02/85;28
24/02/85;14
25/02/85;0
26/02/85;0
27/02/85;5
28/02/85;37
01/03/85;14
02/03/85;34
03/03/85;0
04/03/85;6
05/03/85;58
06/03/85;45
07/03/85;46
08/03/85;141
09/03/85;33
10/03/85;1
11/03/85;0
12/03/85;0
13/03/85;0
14/03/85;0
15/03/85;0
16/03/85;0
17/03/85;4
18/03/85;32
19/03/85;23
20/03/85;3
21/03/85;24
22/03/85;28
23/03/85;4
24/03/85;0
25/03/85;0
26/03/85;15
27/03/85;2
28/03/85;89
29/03/85;8
30/03/85;8
31/03/85;48
01/04/85;0
02/04/85;46
03/04/85;0
04/04/85;0
05/04/85;57
06/04/85;2
07/04/85;5
08/04/85;15
09/04/85;0
10/04/85;3
11/04/85;0
12/04/85;0
13/04/85;51
14/04/85;41
15/04/85;0
16/04/85;8
17/04/85;0
18/04/85;0
19/04/85;3
20/04/85;0
21/04/85;13
22/04/85;42
23/04/85;0
24/04/85;0
25/04/85;10
26/04/85;0
27/04/85;13
28/04/85;4
29/04/85;0
30/04/85;0
01/05/85;1
02/05/85;0
03/05/85;0
04/05/85;0
05/05/85;0
06/05/85;55
07/05/85;1
08/05/85;8
09/05/85;58
10/05/85;0
11/05/85;0
12/05/85;42
13/05/85;7
14/05/85;0
15/05/85;2
16/05/85;2
17/05/85;0
18/05/85;0
19/05/85;20
20/05/85;0
21/05/85;0
22/05/85;0
23/05/85;0
24/05/85;0
25/05/85;0
26/05/85;0
27/05/85;0
28/05/85;9
29/05/85;0
30/05/85;0
31/05/85;15
01/06/85;12
02/06/85;106
03/06/85;38
04/06/85;13
05/06/85;5
06/06/85;0
07/06/85;0
08/06/85;29
09/06/85;0
10/06/85;0
11/06/85;0
12/06/85;0
13/06/85;2
14/06/85;0
15/06/85;0
16/06/85;0
17/06/85;0
18/06/85;0
19/06/85;3
20/06/85;0
21/06/85;0
22/06/85;0
23/06/85;0
24/06/85;0
25/06/85;0
26/06/85;0
27/06/85;0
28/06/85;0
29/06/85;0
30/06/85;0
01/07/85;16
02/07/85;17
03/07/85;0
04/07/85;0
05/07/85;0
06/07/85;0
07/07/85;0
08/07/85;0
09/07/85;0
10/07/85;6
11/07/85;0
12/07/85;2
13/07/85;0
14/07/85;0
15/07/85;0
16/07/85;0
17/07/85;0
18/07/85;0
19/07/85;0
20/07/85;0
21/07/85;0
22/07/85;0
23/07/85;0
24/07/85;0
25/07/85;0
26/07/85;0
27/07/85;0
28/07/85;0
29/07/85;0
30/07/85;0
31/07/85;0
01/08/85;0
02/08/85;0
03/08/85;0
04/08/85;0
05/08/85;0
06/08/85;0
07/08/85;0
08/08/85;0
09/08/85;0
10/08/85;0
11/08/85;0
12/08/85;0
13/08/85;0
14/08/85;6
15/08/85;0
16/08/85;0
17/08/85;0
18/08/85;0
19/08/85;0
20/08/85;0
21/08/85;0
22/08/85;0
23/08/85;0
24/08/85;0
25/08/85;0
26/08/85;0
27/08/85;0
28/08/85;0
29/08/85;0
30/08/85;14
31/08/85;0
01/09/85;0
02/09/85;0
03/09/85;0
04/09/85;0
05/09/85;0
06/09/85;0
07/09/85;0
08/09/85;0
09/09/85;9
10/09/85;0
11/09/85;0
12/09/85;0
13/09/85;8
14/09/85;0
15/09/85;0
16/09/85;0
17/09/85;0
18/09/85;0
19/09/85;0
20/09/85;0
21/09/85;0
22/09/85;0
23/09/85;0
24/09/85;0
25/09/85;1
26/09/85;0
27/09/85;6
28/09/85;23
29/09/85;0
30/09/85;0
01/10/85;1
02/10/85;0
03/10/85;0
04/10/85;0
05/10/85;0
06/10/85;0
07/10/85;0
08/10/85;0
09/10/85;2
10/10/85;0
11/10/85;0
12/10/85;0
13/10/85;0
14/10/85;0
15/10/85;45
16/10/85;0
17/10/85;1
18/10/85;10
19/10/85;0
20/10/85;0
21/10/85;1
22/10/85;27
23/10/85;0
24/10/85;3
25/10/85;87
26/10/85;15
27/10/85;0
28/10/85;58
29/10/85;6
30/10/85;0
31/10/85;3
01/11/85;0
02/11/85;1
03/11/85;0
04/11/85;0
05/11/85;0
06/11/85;14
07/11/85;0
08/11/85;4
09/11/85;41
10/11/85;0
11/11/85;0
12/11/85;0
13/11/85;11
14/11/85;7
15/11/85;0
16/11/85;2
17/11/85;0
18/11/85;0
19/11/85;5
20/11/85;20
21/11/85;50
22/11/85;26
23/11/85;25
24/11/85;0
25/11/85;2
26/11/85;64
27/11/85;60
28/11/85;0
29/11/85;16
30/11/85;22
01/12/85;7
02/12/85;10
03/12/85;2
04/12/85;16
05/12/85;0
06/12/85;49
07/12/85;47
08/12/85;0
09/12/85;0
10/12/85;2
11/12/85;0
12/12/85;11
13/12/85;20
14/12/85;0
15/12/85;0
16/12/85;0
17/12/85;0
18/12/85;0
19/12/85;26
20/12/85;0
21/12/85;17
22/12/85;18
23/12/85;4
24/12/85;12
25/12/85;18
26/12/85;26
27/12/85;37
28/12/85;1
29/12/85;20
30/12/85;28
31/12/85;2
01/01/86;6
02/01/86;11
03/01/86;4
04/01/86;15
05/01/86;24
06/01/86;4
07/01/86;2
08/01/86;2
09/01/86;77
10/01/86;31
11/01/86;71
12/01/86;22
13/01/86;14
14/01/86;0
15/01/86;5
16/01/86;1
17/01/86;3
18/01/86;0
19/01/86;6
20/01/86;22
21/01/86;51
22/01/86;45
23/01/86;52
24/01/86;5
25/01/86;47
26/01/86;38
27/01/86;68
28/01/86;11
29/01/86;5
30/01/86;48
31/01/86;0
01/02/86;6
02/02/86;27
03/02/86;5
04/02/86;6
05/02/86;35
06/02/86;0
07/02/86;25
08/02/86;0
09/02/86;41
10/02/86;26
11/02/86;9
12/02/86;0
13/02/86;12
14/02/86;9
15/02/86;5
16/02/86;26
17/02/86;0
18/02/86;13
19/02/86;2
20/02/86;35
21/02/86;32
22/02/86;15
23/02/86;0
24/02/86;51
25/02/86;0
26/02/86;0
27/02/86;3
28/02/86;14
01/03/86;3
02/03/86;38
03/03/86;26
04/03/86;16
05/03/86;29
06/03/86;19
07/03/86;37
08/03/86;20
09/03/86;0
10/03/86;3
11/03/86;2
12/03/86;7
13/03/86;19
14/03/86;1
15/03/86;1
16/03/86;1
17/03/86;0
18/03/86;3
19/03/86;42
20/03/86;2
21/03/86;15
22/03/86;13
23/03/86;57
24/03/86;4
25/03/86;83
26/03/86;7
27/03/86;1
28/03/86;37
29/03/86;3
30/03/86;19
31/03/86;23
01/04/86;97
02/04/86;0
03/04/86;6
04/04/86;8
05/04/86;4
06/04/86;46
07/04/86;0
08/04/86;1
09/04/86;0
10/04/86;11
11/04/86;9
12/04/86;10
13/04/86;20
14/04/86;0
15/04/86;0
16/04/86;63
17/04/86;9
18/04/86;1
19/04/86;8
20/04/86;0
21/04/86;0
22/04/86;0
23/04/86;0
24/04/86;0
25/04/86;0
26/04/86;8
27/04/86;0
28/04/86;0
29/04/86;0
30/04/86;0
01/05/86;0
02/05/86;0
03/05/86;0
04/05/86;0
05/05/86;0
06/05/86;0
07/05/86;15
08/05/86;13
09/05/86;0
10/05/86;0
11/05/86;7
12/05/86;0
13/05/86;0
14/05/86;0
15/05/86;1
16/05/86;0
17/05/86;0
18/05/86;0
19/05/86;0
20/05/86;0
21/05/86;0
22/05/86;4
23/05/86;12
24/05/86;0
25/05/86;0
26/05/86;0
27/05/86;13
28/05/86;0
29/05/86;0
30/05/86;0
31/05/86;0
01/06/86;21
02/06/86;16
03/06/86;5
04/06/86;13
05/06/86;7
06/06/86;1
07/06/86;2
08/06/86;0
09/06/86;0
10/06/86;0
11/06/86;0
12/06/86;34
13/06/86;22
14/06/86;20
15/06/86;4
16/06/86;7
17/06/86;0
18/06/86;0
19/06/86;0
20/06/86;0
21/06/86;0
22/06/86;0
23/06/86;0
24/06/86;0
25/06/86;0
26/06/86;7
27/06/86;21
28/06/86;0
29/06/86;10
30/06/86;2
01/07/86;0
02/07/86;0
03/07/86;0
04/07/86;0
05/07/86;0
06/07/86;0
07/07/86;0
08/07/86;5
09/07/86;0
10/07/86;1
11/07/86;0
12/07/86;0
13/07/86;0
14/07/86;1
15/07/86;0
16/07/86;1
17/07/86;0
18/07/86;0
19/07/86;2
20/07/86;0
21/07/86;75
22/07/86;0
23/07/86;0
24/07/86;0
25/07/86;0
26/07/86;18
27/07/86;0
28/07/86;0
29/07/86;0
30/07/86;0
31/07/86;0
01/08/86;0
02/08/86;0
03/08/86;0
04/08/86;0
05/08/86;0
06/08/86;0
07/08/86;5
08/08/86;0
09/08/86;0
10/08/86;0
11/08/86;0
12/08/86;0
13/08/86;0
14/08/86;0
15/08/86;0
16/08/86;0
17/08/86;0
18/08/86;0
19/08/86;0
20/08/86;0
21/08/86;0
22/08/86;0
23/08/86;0
24/08/86;9
25/08/86;0
26/08/86;0
27/08/86;0
28/08/86;0
29/08/86;0
30/08/86;0
31/08/86;0
01/09/86;65
02/09/86;1
03/09/86;1
04/09/86;11
05/09/86;0
06/09/86;0
07/09/86;0
08/09/86;5
09/09/86;37
10/09/86;7
11/09/86;0
12/09/86;0
13/09/86;0
14/09/86;0
15/09/86;0
16/09/86;19
17/09/86;0
18/09/86;35
19/09/86;3
20/09/86;50
21/09/86;3
22/09/86;8
23/09/86;0
24/09/86;58
25/09/86;61
26/09/86;23
27/09/86;0
28/09/86;0
29/09/86;0
30/09/86;0
01/10/86;0
02/10/86;0
03/10/86;0
04/10/86;1
05/10/86;0
06/10/86;0
07/10/86;0
08/10/86;1
09/10/86;10
10/10/86;11
11/10/86;29
12/10/86;73
13/10/86;12
14/10/86;0
15/10/86;0
16/10/86;0
17/10/86;0
18/10/86;0
19/10/86;0
20/10/86;0
21/10/86;0
22/10/86;0
23/10/86;0
24/10/86;0
25/10/86;12
26/10/86;20
27/10/86;34
28/10/86;18
29/10/86;30
30/10/86;2
31/10/86;0
01/11/86;0
02/11/86;0
03/11/86;4
04/11/86;4
05/11/86;10
06/11/86;18
07/11/86;1
08/11/86;31
09/11/86;2
10/11/86;3
11/11/86;0
12/11/86;35
13/11/86;0
14/11/86;2
15/11/86;1
16/11/86;0
17/11/86;0
18/11/86;8
19/11/86;24
20/11/86;0
21/11/86;20
22/11/86;0
23/11/86;0
24/11/86;3
25/11/86;23
26/11/86;29
27/11/86;12
28/11/86;6
29/11/86;0
30/11/86;0
01/12/86;0
02/12/86;0
03/12/86;0
04/12/86;2
05/12/86;1
06/12/86;0
07/12/86;0
08/12/86;0
09/12/86;9
10/12/86;0
11/12/86;0
12/12/86;6
13/12/86;8
14/12/86;22
15/12/86;15
16/12/86;0
17/12/86;0
18/12/86;2
19/12/86;0
20/12/86;0
21/12/86;0
22/12/86;45
23/12/86;22
24/12/86;0
25/12/86;7
26/12/86;0
27/12/86;3
28/12/86;22
29/12/86;34
30/12/86;23
31/12/86;13
01/01/87;38
02/01/87;15
03/01/87;25
04/01/87;133
05/01/87;57
06/01/87;1
07/01/87;68
08/01/87;3
09/01/87;35
10/01/87;8
11/01/87;13
12/01/87;26
13/01/87;0
14/01/87;74
15/01/87;15
16/01/87;19
17/01/87;2
18/01/87;11
19/01/87;1
20/01/87;0
21/01/87;38
22/01/87;43
23/01/87;0
24/01/87;0
25/01/87;28
26/01/87;19
27/01/87;22
28/01/87;3
29/01/87;2
30/01/87;14
31/01/87;4
01/02/87;3
02/02/87;29
03/02/87;25
04/02/87;19
05/02/87;1
06/02/87;0
07/02/87;0
08/02/87;13
09/02/87;58
10/02/87;46
11/02/87;20
12/02/87;10
13/02/87;5
14/02/87;2
15/02/87;7
16/02/87;5
17/02/87;51
18/02/87;64
19/02/87;7
20/02/87;70
21/02/87;26
22/02/87;35
23/02/87;0
24/02/87;0
25/02/87;19
26/02/87;27
27/02/87;0
28/02/87;0
01/03/87;0
02/03/87;41
03/03/87;2
04/03/87;2
05/03/87;44
06/03/87;19
07/03/87;5
08/03/87;20
09/03/87;17
10/03/87;4
11/03/87;26
12/03/87;0
13/03/87;0
14/03/87;0
15/03/87;1
16/03/87;14
17/03/87;13
18/03/87;0
19/03/87;0
20/03/87;0
21/03/87;0
22/03/87;30
23/03/87;93
24/03/87;7
25/03/87;8
26/03/87;5
27/03/87;2
28/03/87;27
29/03/87;12
30/03/87;0
31/03/87;0
01/04/87;1
02/04/87;0
03/04/87;0
04/04/87;0
05/04/87;1
06/04/87;4
07/04/87;13
08/04/87;27
09/04/87;51
10/04/87;0
11/04/87;0
12/04/87;0
13/04/87;7
14/04/87;0
15/04/87;0
16/04/87;0
17/04/87;13
18/04/87;0
19/04/87;4
20/04/87;6
21/04/87;0
22/04/87;21
23/04/87;4
24/04/87;0
25/04/87;0
26/04/87;0
27/04/87;0
28/04/87;0
29/04/87;0
30/04/87;8
01/05/87;0
02/05/87;5
03/05/87;0
04/05/87;0
05/05/87;0
06/05/87;130
07/05/87;48
08/05/87;0
09/05/87;0
10/05/87;0
11/05/87;0
12/05/87;0
13/05/87;0
14/05/87;50
15/05/87;17
16/05/87;0
17/05/87;0
18/05/87;0
19/05/87;0
20/05/87;0
21/05/87;0
22/05/87;0
23/05/87;0
24/05/87;0
25/05/87;0
26/05/87;0
27/05/87;0
28/05/87;0
29/05/87;0
30/05/87;0
31/05/87;0
01/06/87;0
02/06/87;1
03/06/87;0
04/06/87;0
05/06/87;7
06/06/87;2
07/06/87;0
08/06/87;0
09/06/87;0
10/06/87;0
11/06/87;0
12/06/87;0
13/06/87;0
14/06/87;0
15/06/87;0
16/06/87;24
17/06/87;0
18/06/87;0
19/06/87;0
20/06/87;0
21/06/87;0
22/06/87;0
23/06/87;0
24/06/87;0
25/06/87;0
26/06/87;0
27/06/87;0
28/06/87;0
29/06/87;0
30/06/87;0
01/07/87;0
02/07/87;0
03/07/87;0
04/07/87;0
05/07/87;0
06/07/87;0
07/07/87;0
08/07/87;0
09/07/87;0
10/07/87;0
11/07/87;0
12/07/87;0
13/07/87;0
14/07/87;0
15/07/87;0
16/07/87;0
17/07/87;19
18/07/87;7
19/07/87;0
20/07/87;0
21/07/87;0
22/07/87;0
23/07/87;0
24/07/87;0
25/07/87;0
26/07/87;0
27/07/87;0
28/07/87;0
29/07/87;0
30/07/87;0
31/07/87;0
01/08/87;0
02/08/87;0
03/08/87;0
04/08/87;0
05/08/87;0
06/08/87;0
07/08/87;0
08/08/87;0
09/08/87;0
10/08/87;0
11/08/87;0
12/08/87;0
13/08/87;0
14/08/87;0
15/08/87;0
16/08/87;0
17/08/87;0
18/08/87;0
19/08/87;0
20/08/87;0
21/08/87;0
22/08/87;0
23/08/87;0
24/08/87;0
25/08/87;0
26/08/87;0
27/08/87;0
28/08/87;0
29/08/87;0
30/08/87;0
31/08/87;0
01/09/87;0
02/09/87;0
03/09/87;0
04/09/87;0
05/09/87;0
06/09/87;0
07/09/87;0
08/09/87;0
09/09/87;0
10/09/87;0
11/09/87;0
12/09/87;0
13/09/87;0
14/09/87;0
15/09/87;0
16/09/87;0
17/09/87;0
18/09/87;0
19/09/87;0
20/09/87;0
21/09/87;0
22/09/87;0
23/09/87;0
24/09/87;0
25/09/87;0
26/09/87;0
27/09/87;0
28/09/87;0
29/09/87;12
30/09/87;0
01/10/87;0
02/10/87;0
03/10/87;0
04/10/87;15
05/10/87;0
06/10/87;0
07/10/87;0
08/10/87;0
09/10/87;0
10/10/87;2
11/10/87;0
12/10/87;0
13/10/87;0
14/10/87;0
15/10/87;0
16/10/87;0
17/10/87;0
18/10/87;0
19/10/87;0
20/10/87;0
21/10/87;0
22/10/87;0
23/10/87;0
24/10/87;0
25/10/87;0
26/10/87;0
27/10/87;0
28/10/87;0
29/10/87;0
30/10/87;1
31/10/87;0
01/11/87;0
02/11/87;0
03/11/87;0
04/11/87;0
05/11/87;0
06/11/87;1
07/11/87;2
08/11/87;3
09/11/87;2
10/11/87;7
11/11/87;1
12/11/87;0
13/11/87;0
14/11/87;7
15/11/87;3
16/11/87;0
17/11/87;0
18/11/87;0
19/11/87;4
20/11/87;46
21/11/87;0
22/11/87;0
23/11/87;66
24/11/87;21
25/11/87;13
26/11/87;6
27/11/87;4
28/11/87;7
29/11/87;9
30/11/87;81
01/12/87;0
02/12/87;7
03/12/87;0
04/12/87;8
05/12/87;38
06/12/87;7
07/12/87;8
08/12/87;24
09/12/87;0
10/12/87;42
11/12/87;37
12/12/87;17
13/12/87;55
14/12/87;2
15/12/87;0
16/12/87;15
17/12/87;7
18/12/87;6
19/12/87;5
20/12/87;51
21/12/87;2
22/12/87;17
23/12/87;18
24/12/87;75
25/12/87;11
26/12/87;31
27/12/87;3
28/12/87;5
29/12/87;0
30/12/87;0
31/12/87;0
01/01/88;0
02/01/88;0
03/01/88;0
04/01/88;0
05/01/88;0
06/01/88;48
07/01/88;64
08/01/88;0
09/01/88;2
10/01/88;37
11/01/88;3
12/01/88;1
13/01/88;1
14/01/88;0
15/01/88;2
16/01/88;50
17/01/88;60
18/01/88;33
19/01/88;5
20/01/88;7
21/01/88;14
22/01/88;93
23/01/88;0
24/01/88;9
25/01/88;21
26/01/88;24
27/01/88;17
28/01/88;21
29/01/88;4
30/01/88;20
31/01/88;70
01/02/88;44
02/02/88;40
03/02/88;99
04/02/88;2
05/02/88;32
06/02/88;13
07/02/88;9
08/02/88;0
09/02/88;0
10/02/88;43
11/02/88;42
12/02/88;64
13/02/88;54
14/02/88;2
15/02/88;31
16/02/88;3
17/02/88;0
18/02/88;0
19/02/88;0
20/02/88;29
21/02/88;0
22/02/88;0
23/02/88;6
24/02/88;0
25/02/88;7
26/02/88;59
27/02/88;23
28/02/88;61
29/02/88;0
01/03/88;0
02/03/88;14
03/03/88;4
04/03/88;14
05/03/88;0
06/03/88;53
07/03/88;0
08/03/88;5
09/03/88;4
10/03/88;30
11/03/88;37
12/03/88;53
13/03/88;2
14/03/88;10
15/03/88;6
16/03/88;0
17/03/88;50
18/03/88;6
19/03/88;3
20/03/88;14
21/03/88;9
22/03/88;12
23/03/88;3
24/03/88;19
25/03/88;15
26/03/88;23
27/03/88;0
28/03/88;2
29/03/88;58
30/03/88;23
31/03/88;19
01/04/88;0
02/04/88;2
03/04/88;12
04/04/88;0
05/04/88;0
06/04/88;0
07/04/88;47
08/04/88;0
09/04/88;0
10/04/88;27
11/04/88;0
12/04/88;0
13/04/88;0
14/04/88;0
15/04/88;0
16/04/88;0
17/04/88;0
18/04/88;19
19/04/88;56
20/04/88;55
21/04/88;3
22/04/88;0
23/04/88;0
24/04/88;0
25/04/88;0
26/04/88;0
27/04/88;0
28/04/88;0
29/04/88;1
30/04/88;2
01/05/88;0
02/05/88;4
03/05/88;0
04/05/88;9
05/05/88;6
06/05/88;11
07/05/88;11
08/05/88;84
09/05/88;0
10/05/88;0
11/05/88;7
12/05/88;18
13/05/88;0
14/05/88;5
15/05/88;5
16/05/88;0
17/05/88;0
18/05/88;21
19/05/88;0
20/05/88;0
21/05/88;0
22/05/88;0
23/05/88;44
24/05/88;70
25/05/88;3
26/05/88;1
27/05/88;0
28/05/88;0
29/05/88;1
30/05/88;0
31/05/88;0
01/06/88;0
02/06/88;0
03/06/88;0
04/06/88;0
05/06/88;0
06/06/88;0
07/06/88;8
08/06/88;2
09/06/88;2
10/06/88;2
11/06/88;0
12/06/88;0
13/06/88;0
14/06/88;0
15/06/88;0
16/06/88;4
17/06/88;0
18/06/88;2
19/06/88;12
20/06/88;37
21/06/88;0
22/06/88;0
23/06/88;0
24/06/88;0
25/06/88;0
26/06/88;0
27/06/88;0
28/06/88;0
29/06/88;0
30/06/88;0
01/07/88;0
02/07/88;0
03/07/88;0
04/07/88;0
05/07/88;0
06/07/88;0
07/07/88;0
08/07/88;0
09/07/88;0
10/07/88;0
11/07/88;0
12/07/88;0
13/07/88;0
14/07/88;0
15/07/88;0
16/07/88;5
17/07/88;5
18/07/88;0
19/07/88;0
20/07/88;0
21/07/88;0
22/07/88;0
23/07/88;0
24/07/88;0
25/07/88;3
26/07/88;0
27/07/88;0
28/07/88;0
29/07/88;0
30/07/88;0
31/07/88;0
01/08/88;0
02/08/88;0
03/08/88;0
04/08/88;26
05/08/88;0
06/08/88;1
07/08/88;0
08/08/88;1
09/08/88;0
10/08/88;0
11/08/88;0
12/08/88;0
13/08/88;0
14/08/88;0
15/08/88;0
16/08/88;0
17/08/88;0
18/08/88;0
19/08/88;0
20/08/88;0
21/08/88;0
22/08/88;0
23/08/88;0
24/08/88;0
25/08/88;0
26/08/88;0
27/08/88;0
28/08/88;0
29/08/88;0
30/08/88;0
31/08/88;0
01/09/88;0
02/09/88;0
03/09/88;0
04/09/88;0
05/09/88;0
06/09/88;0
07/09/88;0
08/09/88;0
09/09/88;0
10/09/88;0
11/09/88;0
12/09/88;0
13/09/88;0
14/09/88;0
15/09/88;0
16/09/88;0
17/09/88;17
18/09/88;0
19/09/88;0
20/09/88;0
21/09/88;0
22/09/88;0
23/09/88;0
24/09/88;6
25/09/88;0
26/09/88;0
27/09/88;0
28/09/88;0
29/09/88;0
30/09/88;0
01/10/88;0
02/10/88;4
03/10/88;1
04/10/88;0
05/10/88;0
06/10/88;0
07/10/88;0
08/10/88;0
09/10/88;0
10/10/88;0
11/10/88;0
12/10/88;1
13/10/88;0
14/10/88;12
15/10/88;7
16/10/88;5
17/10/88;16
18/10/88;0
19/10/88;0
20/10/88;3
21/10/88;1
22/10/88;1
23/10/88;0
24/10/88;0
25/10/88;0
26/10/88;5
27/10/88;3
28/10/88;0
29/10/88;0
30/10/88;12
31/10/88;2
01/11/88;5
02/11/88;1
03/11/88;1
04/11/88;0
05/11/88;0
06/11/88;0
07/11/88;0
08/11/88;0
09/11/88;34
10/11/88;2
11/11/88;4
12/11/88;72
13/11/88;18
14/11/88;42
15/11/88;16
16/11/88;11
17/11/88;33
18/11/88;0
19/11/88;0
20/11/88;0
21/11/88;0
22/11/88;0
23/11/88;49
24/11/88;0
25/11/88;39
26/11/88;17
27/11/88;26
28/11/88;0
29/11/88;3
30/11/88;4
01/12/88;0
02/12/88;24
03/12/88;2
04/12/88;0
05/12/88;0
06/12/88;0
07/12/88;0
08/12/88;0
09/12/88;0
10/12/88;0
11/12/88;0
12/12/88;0
13/12/88;0
14/12/88;0
15/12/88;2
16/12/88;7
17/12/88;27
18/12/88;3
19/12/88;5
20/12/88;28
21/12/88;28
22/12/88;96
23/12/88;23
24/12/88;5
25/12/88;0
26/12/88;0
27/12/88;3
28/12/88;8
29/12/88;16
30/12/88;20
31/12/88;25
01/01/89;0
02/01/89;3
03/01/89;0
04/01/89;69
05/01/89;2
06/01/89;33
07/01/89;21
08/01/89;7
09/01/89;18
10/01/89;10
11/01/89;9
12/01/89;16
13/01/89;18
14/01/89;65
15/01/89;0
16/01/89;1
17/01/89;0
18/01/89;9
19/01/89;19
20/01/89;0
21/01/89;1
22/01/89;16
23/01/89;16
24/01/89;50
25/01/89;56
26/01/89;23
27/01/89;1
28/01/89;0
29/01/89;0
30/01/89;10
31/01/89;0
01/02/89;16
02/02/89;11
03/02/89;23
04/02/89;0
05/02/89;7
06/02/89;15
07/02/89;3
08/02/89;0
09/02/89;14
10/02/89;40
11/02/89;52
12/02/89;47
13/02/89;108
14/02/89;45
15/02/89;3
16/02/89;7
17/02/89;37
18/02/89;6
19/02/89;32
20/02/89;25
21/02/89;62
22/02/89;27
23/02/89;42
24/02/89;0
25/02/89;16
26/02/89;40
27/02/89;44
28/02/89;60
01/03/89;0
02/03/89;14
03/03/89;6
04/03/89;16
05/03/89;15
06/03/89;13
07/03/89;10
08/03/89;0
09/03/89;43
10/03/89;0
11/03/89;1
12/03/89;2
13/03/89;0
14/03/89;0
15/03/89;0
16/03/89;45
17/03/89;0
18/03/89;1
19/03/89;3
20/03/89;30
21/03/89;0
22/03/89;0
23/03/89;0
24/03/89;3
25/03/89;6
26/03/89;12
27/03/89;0
28/03/89;46
29/03/89;2
30/03/89;6
31/03/89;5
01/04/89;0
02/04/89;16
03/04/89;7
04/04/89;9
05/04/89;11
06/04/89;23
07/04/89;13
08/04/89;22
09/04/89;3
10/04/89;1
11/04/89;1
12/04/89;1
13/04/89;13
14/04/89;0
15/04/89;0
16/04/89;0
17/04/89;0
18/04/89;15
19/04/89;4
20/04/89;0
21/04/89;5
22/04/89;17
23/04/89;1
24/04/89;0
25/04/89;4
26/04/89;1
27/04/89;0
28/04/89;1
29/04/89;50
30/04/89;0
01/05/89;0
02/05/89;0
03/05/89;40
04/05/89;14
05/05/89;0
06/05/89;23
07/05/89;0
08/05/89;17
09/05/89;41
10/05/89;2
11/05/89;0
12/05/89;1
13/05/89;40
14/05/89;0
15/05/89;0
16/05/89;0
17/05/89;0
18/05/89;0
19/05/89;0
20/05/89;0
21/05/89;1
22/05/89;7
23/05/89;10
24/05/89;0
25/05/89;7
26/05/89;1
27/05/89;0
28/05/89;5
29/05/89;17
30/05/89;0
31/05/89;40
01/06/89;0
02/06/89;26
03/06/89;1
04/06/89;23
05/06/89;1
06/06/89;39
07/06/89;3
08/06/89;12
09/06/89;0
10/06/89;0
11/06/89;7
12/06/89;0
13/06/89;4
14/06/89;0
15/06/89;0
16/06/89;9
17/06/89;3
18/06/89;0
19/06/89;7
20/06/89;0
21/06/89;0
22/06/89;1
23/06/89;0
24/06/89;0
25/06/89;0
26/06/89;0
27/06/89;0
28/06/89;0
29/06/89;0
30/06/89;0
01/07/89;0
02/07/89;0
03/07/89;0
04/07/89;0
05/07/89;0
06/07/89;0
07/07/89;0
08/07/89;4
09/07/89;30
10/07/89;0
11/07/89;0
12/07/89;3
13/07/89;0
14/07/89;0
15/07/89;1
16/07/89;0
17/07/89;1
18/07/89;1
19/07/89;25
20/07/89;62
21/07/89;0
22/07/89;0
23/07/89;6
24/07/89;1
25/07/89;1
26/07/89;58
27/07/89;10
28/07/89;5
29/07/89;0
30/07/89;0
31/07/89;0
01/08/89;0
02/08/89;0
03/08/89;0
04/08/89;0
05/08/89;0
06/08/89;15
07/08/89;0
08/08/89;0
09/08/89;0
10/08/89;0
11/08/89;0
12/08/89;0
13/08/89;0
14/08/89;0
15/08/89;0
16/08/89;0
17/08/89;0
18/08/89;0
19/08/89;0
20/08/89;0
21/08/89;0
22/08/89;0
23/08/89;0
24/08/89;0
25/08/89;0
26/08/89;0
27/08/89;0
28/08/89;1
29/08/89;4
30/08/89;119
31/08/89;0
01/09/89;0
02/09/89;0
03/09/89;0
04/09/89;0
05/09/89;0
06/09/89;0
07/09/89;0
08/09/89;0
09/09/89;0
10/09/89;0
11/09/89;0
12/09/89;0
13/09/89;0
14/09/89;0
15/09/89;0
16/09/89;0
17/09/89;0
18/09/89;0
19/09/89;0
20/09/89;0
21/09/89;0
22/09/89;0
23/09/89;0
24/09/89;0
25/09/89;0
26/09/89;0
27/09/89;0
28/09/89;0
29/09/89;0
30/09/89;0
01/10/89;0
02/10/89;0
03/10/89;0
04/10/89;0
05/10/89;0
06/10/89;0
07/10/89;0
08/10/89;8
09/10/89;0
10/10/89;0
11/10/89;58
12/10/89;0
13/10/89;0
14/10/89;0
15/10/89;1
16/10/89;3
17/10/89;0
18/10/89;0
19/10/89;0
20/10/89;0
21/10/89;0
22/10/89;0
23/10/89;1
24/10/89;0
25/10/89;0
26/10/89;0
27/10/89;0
28/10/89;15
29/10/89;32
30/10/89;5
31/10/89;0
01/11/89;0
02/11/89;49
03/11/89;0
04/11/89;0
05/11/89;0
06/11/89;6
07/11/89;10
08/11/89;32
09/11/89;5
10/11/89;0
11/11/89;0
12/11/89;0
13/11/89;0
14/11/89;3
15/11/89;13
16/11/89;14
17/11/89;18
18/11/89;0
19/11/89;0
20/11/89;0
21/11/89;0
22/11/89;0
23/11/89;0
24/11/89;0
25/11/89;0
26/11/89;0
27/11/89;0
28/11/89;0
29/11/89;0
30/11/89;2
01/12/89;0
02/12/89;14
03/12/89;0
04/12/89;10
05/12/89;49
06/12/89;0
07/12/89;0
08/12/89;0
09/12/89;12
10/12/89;17
11/12/89;34
12/12/89;0
13/12/89;18
14/12/89;0
15/12/89;8
16/12/89;1
17/12/89;0
18/12/89;10
19/12/89;1
20/12/89;0
21/12/89;0
22/12/89;19
23/12/89;8
24/12/89;17
25/12/89;0
26/12/89;0
27/12/89;24
28/12/89;0
29/12/89;15
30/12/89;89
31/12/89;58
01/01/90;47
02/01/90;30
03/01/90;19
04/01/90;21
05/01/90;18
06/01/90;20
07/01/90;1
08/01/90;5
09/01/90;7
10/01/90;12
11/01/90;40
12/01/90;0
13/01/90;18
14/01/90;0
15/01/90;84
16/01/90;14
17/01/90;15
18/01/90;62
19/01/90;14
20/01/90;28
21/01/90;40
22/01/90;25
23/01/90;22
24/01/90;20
25/01/90;9
26/01/90;40
27/01/90;1
28/01/90;6
29/01/90;0
30/01/90;1
31/01/90;0
01/02/90;95
02/02/90;4
03/02/90;15
04/02/90;0
05/02/90;0
06/02/90;4
07/02/90;12
08/02/90;6
09/02/90;0
10/02/90;35
11/02/90;0
12/02/90;0
13/02/90;12
14/02/90;0
15/02/90;0
16/02/90;25
17/02/90;12
18/02/90;35
19/02/90;25
20/02/90;35
21/02/90;37
22/02/90;40
23/02/90;0
24/02/90;10
25/02/90;10
26/02/90;10
27/02/90;3
28/02/90;5
01/03/90;44
02/03/90;0
03/03/90;36
04/03/90;2
05/03/90;1
06/03/90;3
07/03/90;44
08/03/90;2
09/03/90;14
10/03/90;1
11/03/90;2
12/03/90;1
13/03/90;0
14/03/90;0
15/03/90;10
16/03/90;1
17/03/90;1
18/03/90;34
19/03/90;17
20/03/90;0
21/03/90;0
22/03/90;0
23/03/90;0
24/03/90;0
25/03/90;4
26/03/90;4
27/03/90;0
28/03/90;0
29/03/90;10
30/03/90;8
31/03/90;0
01/04/90;2
02/04/90;0
03/04/90;0
04/04/90;12
05/04/90;1
06/04/90;0
07/04/90;9
08/04/90;26
09/04/90;2
10/04/90;1
11/04/90;0
12/04/90;0
13/04/90;0
14/04/90;0
15/04/90;25
16/04/90;3
17/04/90;24
18/04/90;32
19/04/90;10
20/04/90;33
21/04/90;2
22/04/90;3
23/04/90;8
24/04/90;0
25/04/90;27
26/04/90;23
27/04/90;3
28/04/90;20
29/04/90;7
30/04/90;0
01/05/90;0
02/05/90;0
03/05/90;0
04/05/90;0
05/05/90;0
06/05/90;0
07/05/90;0
08/05/90;0
09/05/90;0
10/05/90;0
11/05/90;3
12/05/90;30
13/05/90;32
14/05/90;0
15/05/90;0
16/05/90;30
17/05/90;65
18/05/90;0
19/05/90;0
20/05/90;0
21/05/90;0
22/05/90;12
23/05/90;69
24/05/90;7
25/05/90;0
26/05/90;2
27/05/90;15
28/05/90;1
29/05/90;30
30/05/90;0
31/05/90;10
01/06/90;0
02/06/90;0
03/06/90;46
04/06/90;7
05/06/90;0
06/06/90;0
07/06/90;0
08/06/90;0
09/06/90;0
10/06/90;0
11/06/90;0
12/06/90;0
13/06/90;0
14/06/90;0
15/06/90;0
16/06/90;0
17/06/90;0
18/06/90;0
19/06/90;0
20/06/90;0
21/06/90;0
22/06/90;8
23/06/90;11
24/06/90;8
25/06/90;2
26/06/90;0
27/06/90;1
28/06/90;1
29/06/90;0
30/06/90;0
01/07/90;0
02/07/90;0
03/07/90;27
04/07/90;4
05/07/90;1
06/07/90;65
07/07/90;0
08/07/90;6
09/07/90;0
10/07/90;0
11/07/90;0
12/07/90;0
13/07/90;7
14/07/90;16
15/07/90;0
16/07/90;0
17/07/90;0
18/07/90;0
19/07/90;0
20/07/90;0
21/07/90;1
22/07/90;0
23/07/90;0
24/07/90;3
25/07/90;2
26/07/90;9
27/07/90;0
28/07/90;0
29/07/90;0
30/07/90;0
31/07/90;0
01/08/90;0
02/08/90;0
03/08/90;6
04/08/90;0
05/08/90;0
06/08/90;0
07/08/90;0
08/08/90;0
09/08/90;0
10/08/90;0
11/08/90;0
12/08/90;0
13/08/90;0
14/08/90;0
15/08/90;0
16/08/90;0
17/08/90;0
18/08/90;0
19/08/90;0
20/08/90;0
21/08/90;0
22/08/90;0
23/08/90;33
24/08/90;0
25/08/90;0
26/08/90;0
27/08/90;2
28/08/90;0
29/08/90;0
30/08/90;0
31/08/90;0
01/09/90;0
02/09/90;0
03/09/90;0
04/09/90;0
05/09/90;0
06/09/90;0
07/09/90;0
08/09/90;0
09/09/90;24
10/09/90;3
11/09/90;0
12/09/90;0
13/09/90;0
14/09/90;0
15/09/90;0
16/09/90;0
17/09/90;0
18/09/90;0
19/09/90;0
20/09/90;0
21/09/90;0
22/09/90;0
23/09/90;0
24/09/90;0
25/09/90;0
26/09/90;0
27/09/90;0
28/09/90;0
29/09/90;0
30/09/90;0
01/10/90;25
02/10/90;4
03/10/90;0
04/10/90;0
05/10/90;0
06/10/90;0
07/10/90;0
08/10/90;0
09/10/90;0
10/10/90;0
11/10/90;0
12/10/90;0
13/10/90;0
14/10/90;0
15/10/90;0
16/10/90;0
17/10/90;0
18/10/90;0
19/10/90;0
20/10/90;0
21/10/90;2
22/10/90;0
23/10/90;0
24/10/90;6
25/10/90;0
26/10/90;6
27/10/90;0
28/10/90;12
29/10/90;0
30/10/90;0
31/10/90;0
01/11/90;0
02/11/90;0
03/11/90;0
04/11/90;0
05/11/90;0
06/11/90;0
07/11/90;0
08/11/90;0
09/11/90;0
10/11/90;0
11/11/90;45
12/11/90;0
13/11/90;2
14/11/90;0
15/11/90;0
16/11/90;0
17/11/90;0
18/11/90;0
19/11/90;2
20/11/90;0
21/11/90;0
22/11/90;0
23/11/90;0
24/11/90;0
25/11/90;12
26/11/90;2
27/11/90;0
28/11/90;0
29/11/90;6
30/11/90;0
01/12/90;2
02/12/90;5
03/12/90;37
04/12/90;56
05/12/90;15
06/12/90;46
07/12/90;0
08/12/90;0
09/12/90;2
10/12/90;0
11/12/90;5
12/12/90;48
13/12/90;0
14/12/90;63
15/12/90;3
16/12/90;2
17/12/90;49
18/12/90;47
19/12/90;25
20/12/90;57
21/12/90;69
22/12/90;0
23/12/90;2
24/12/90;7
25/12/90;12
26/12/90;10
27/12/90;11
28/12/90;66
29/12/90;0
30/12/90;0
31/12/90;7
01/01/91;15
02/01/91;37
03/01/91;8
04/01/91;50
05/01/91;0
06/01/91;19
07/01/91;12
08/01/91;20
09/01/91;25
10/01/91;24
11/01/91;11
12/01/91;40
13/01/91;43
14/01/91;48
15/01/91;58
16/01/91;9
17/01/91;0
18/01/91;98
19/01/91;111
20/01/91;6
21/01/91;59
22/01/91;16
23/01/91;36
24/01/91;12
25/01/91;3
26/01/91;6
27/01/91;0
28/01/91;0
29/01/91;0
30/01/91;12
31/01/91;24
01/02/91;2
02/02/91;9
03/02/91;0
04/02/91;35
05/02/91;15
06/02/91;12
07/02/91;43
08/02/91;16
09/02/91;29
10/02/91;12
11/02/91;79
12/02/91;16
13/02/91;4
14/02/91;9
15/02/91;15
16/02/91;10
17/02/91;5
18/02/91;39
19/02/91;19
20/02/91;7
21/02/91;60
22/02/91;22
23/02/91;12
24/02/91;12
25/02/91;3
26/02/91;12
27/02/91;41
28/02/91;28
01/03/91;1
02/03/91;18
03/03/91;5
04/03/91;6
05/03/91;0
06/03/91;0
07/03/91;0
08/03/91;27
09/03/91;12
10/03/91;0
11/03/91;41
12/03/91;0
13/03/91;11
14/03/91;4
15/03/91;0
16/03/91;22
17/03/91;77
18/03/91;12
19/03/91;10
20/03/91;21
21/03/91;0
22/03/91;2
23/03/91;5
24/03/91;0
25/03/91;0
26/03/91;0
27/03/91;0
28/03/91;0
29/03/91;0
30/03/91;0
31/03/91;22
01/04/91;15
02/04/91;63
03/04/91;0
04/04/91;22
05/04/91;0
06/04/91;4
07/04/91;28
08/04/91;1
09/04/91;0
10/04/91;1
11/04/91;49
12/04/91;35
13/04/91;8
14/04/91;0
15/04/91;0
16/04/91;15
17/04/91;0
18/04/91;8
19/04/91;77
20/04/91;5
21/04/91;16
22/04/91;50
23/04/91;0
24/04/91;5
25/04/91;11
26/04/91;0
27/04/91;7
28/04/91;23
29/04/91;2
30/04/91;21
01/05/91;17
02/05/91;18
03/05/91;16
04/05/91;0
05/05/91;1
06/05/91;0
07/05/91;0
08/05/91;0
09/05/91;0
10/05/91;1
11/05/91;0
12/05/91;0
13/05/91;0
14/05/91;0
15/05/91;0
16/05/91;0
17/05/91;0
18/05/91;0
19/05/91;0
20/05/91;0
21/05/91;0
22/05/91;0
23/05/91;0
24/05/91;0
25/05/91;0
26/05/91;0
27/05/91;0
28/05/91;0
29/05/91;0
30/05/91;0
31/05/91;0
01/06/91;0
02/06/91;0
03/06/91;0
04/06/91;0
05/06/91;0
06/06/91;0
07/06/91;0
08/06/91;0
09/06/91;0
10/06/91;0
11/06/91;0
12/06/91;0
13/06/91;0
14/06/91;0
15/06/91;0
16/06/91;0
17/06/91;0
18/06/91;0
19/06/91;0
20/06/91;0
21/06/91;0
22/06/91;0
23/06/91;0
24/06/91;0
25/06/91;0
26/06/91;0
27/06/91;0
28/06/91;0
29/06/91;0
30/06/91;0
01/07/91;0
02/07/91;0
03/07/91;0
04/07/91;0
05/07/91;0
06/07/91;0
07/07/91;0
08/07/91;0
09/07/91;0
10/07/91;0
11/07/91;0
12/07/91;0
13/07/91;0
14/07/91;2
15/07/91;0
16/07/91;0
17/07/91;0
18/07/91;0
19/07/91;0
20/07/91;0
21/07/91;0
22/07/91;0
23/07/91;0
24/07/91;0
25/07/91;0
26/07/91;0
27/07/91;0
28/07/91;0
29/07/91;0
30/07/91;0
31/07/91;0
01/08/91;0
02/08/91;0
03/08/91;0
04/08/91;0
05/08/91;0
06/08/91;0
07/08/91;0
08/08/91;0
09/08/91;0
10/08/91;0
11/08/91;0
12/08/91;0
13/08/91;0
14/08/91;0
15/08/91;0
16/08/91;0
17/08/91;0
18/08/91;0
19/08/91;0
20/08/91;0
21/08/91;0
22/08/91;0
23/08/91;0
24/08/91;0
25/08/91;0
26/08/91;0
27/08/91;0
28/08/91;0
29/08/91;0
30/08/91;0
31/08/91;0
01/09/91;0
02/09/91;6
03/09/91;1
04/09/91;0
05/09/91;0
06/09/91;0
07/09/91;0
08/09/91;0
09/09/91;0
10/09/91;0
11/09/91;0
12/09/91;0
13/09/91;0
14/09/91;2
15/09/91;0
16/09/91;0
17/09/91;0
18/09/91;0
19/09/91;0
20/09/91;0
21/09/91;0
22/09/91;0
23/09/91;0
24/09/91;0
25/09/91;0
26/09/91;0
27/09/91;0
28/09/91;0
29/09/91;0
30/09/91;0
01/10/91;0
02/10/91;0
03/10/91;0
04/10/91;0
05/10/91;0
06/10/91;0
07/10/91;0
08/10/91;0
09/10/91;0
10/10/91;0
11/10/91;0
12/10/91;0
13/10/91;0
14/10/91;0
15/10/91;0
16/10/91;0
17/10/91;0
18/10/91;0
19/10/91;0
20/10/91;0
21/10/91;0
22/10/91;0
23/10/91;0
24/10/91;0
25/10/91;3
26/10/91;0
27/10/91;0
28/10/91;0
29/10/91;0
30/10/91;0
31/10/91;0
01/11/91;0
02/11/91;1
03/11/91;1
04/11/91;0
05/11/91;9
06/11/91;0
07/11/91;7
08/11/91;0
09/11/91;0
10/11/91;33
11/11/91;5
12/11/91;27
13/11/91;77
14/11/91;1
15/11/91;13
16/11/91;0
17/11/91;5
18/11/91;0
19/11/91;0
20/11/91;3
21/11/91;35
22/11/91;36
23/11/91;96
24/11/91;7
25/11/91;8
26/11/91;4
27/11/91;8
28/11/91;0
29/11/91;0
30/11/91;5
01/12/91;0
02/12/91;1
03/12/91;31
04/12/91;0
05/12/91;11
06/12/91;22
07/12/91;8
08/12/91;34
09/12/91;31
10/12/91;2
11/12/91;19
12/12/91;12
13/12/91;2
14/12/91;0
15/12/91;0
16/12/91;0
17/12/91;0
18/12/91;0
19/12/91;0
20/12/91;10
21/12/91;1
22/12/91;27
23/12/91;0
24/12/91;0
25/12/91;10
26/12/91;11
27/12/91;29
28/12/91;47
29/12/91;2
30/12/91;3
31/12/91;11
01/01/92;46
02/01/92;1
03/01/92;0
04/01/92;12
05/01/92;0
06/01/92;0
07/01/92;4
08/01/92;23
09/01/92;43
10/01/92;9
11/01/92;63
12/01/92;0
13/01/92;1
14/01/92;68
15/01/92;25
16/01/92;0
17/01/92;2
18/01/92;1
19/01/92;48
20/01/92;65
21/01/92;0
22/01/92;50
23/01/92;26
24/01/92;81
25/01/92;49
26/01/92;20
27/01/92;5
28/01/92;11
29/01/92;116
30/01/92;38
31/01/92;5
01/02/92;3
02/02/92;4
03/02/92;21
04/02/92;0
05/02/92;12
06/02/92;10
07/02/92;19
08/02/92;50
09/02/92;21
10/02/92;54
11/02/92;0
12/02/92;3
13/02/92;0
14/02/92;73
15/02/92;16
16/02/92;9
17/02/92;6
18/02/92;17
19/02/92;3
20/02/92;0
21/02/92;44
22/02/92;27
23/02/92;35
24/02/92;0
25/02/92;0
26/02/92;0
27/02/92;0
28/02/92;13
29/02/92;12
01/03/92;9
02/03/92;0
03/03/92;39
04/03/92;0
05/03/92;0
06/03/92;0
07/03/92;31
08/03/92;7
09/03/92;2
10/03/92;55
11/03/92;31
12/03/92;48
13/03/92;39
14/03/92;33
15/03/92;42
16/03/92;4
17/03/92;49
18/03/92;67
19/03/92;6
20/03/92;16
21/03/92;43
22/03/92;2
23/03/92;0
24/03/92;0
25/03/92;0
26/03/92;52
27/03/92;1
28/03/92;0
29/03/92;42
30/03/92;3
31/03/92;7
01/04/92;7
02/04/92;32
03/04/92;0
04/04/92;59
05/04/92;3
06/04/92;6
07/04/92;7
08/04/92;9
09/04/92;0
10/04/92;17
11/04/92;0
12/04/92;1
13/04/92;16
14/04/92;20
15/04/92;32
16/04/92;33
17/04/92;49
18/04/92;14
19/04/92;4
20/04/92;0
21/04/92;0
22/04/92;3
23/04/92;17
24/04/92;25
25/04/92;0
26/04/92;4
27/04/92;17
28/04/92;0
29/04/92;0
30/04/92;0
01/05/92;10
02/05/92;0
03/05/92;0
04/05/92;0
05/05/92;0
06/05/92;0
07/05/92;0
08/05/92;0
09/05/92;0
10/05/92;0
11/05/92;0
12/05/92;0
13/05/92;0
14/05/92;0
15/05/92;0
16/05/92;0
17/05/92;0
18/05/92;0
19/05/92;0
20/05/92;0
21/05/92;0
22/05/92;0
23/05/92;0
24/05/92;0
25/05/92;14
26/05/92;0
27/05/92;10
28/05/92;0
29/05/92;22
30/05/92;30
31/05/92;4
01/06/92;0
02/06/92;14
03/06/92;0
04/06/92;0
05/06/92;0
06/06/92;4
07/06/92;0
08/06/92;0
09/06/92;3
10/06/92;0
11/06/92;0
12/06/92;0
13/06/92;0
14/06/92;0
15/06/92;0
16/06/92;0
17/06/92;0
18/06/92;0
19/06/92;0
20/06/92;0
21/06/92;0
22/06/92;0
23/06/92;0
24/06/92;0
25/06/92;0
26/06/92;0
27/06/92;0
28/06/92;0
29/06/92;0
30/06/92;0
01/07/92;0
02/07/92;4
03/07/92;6
04/07/92;0
05/07/92;0
06/07/92;0
07/07/92;0
08/07/92;0
09/07/92;0
10/07/92;0
11/07/92;0
12/07/92;0
13/07/92;0
14/07/92;0
15/07/92;0
16/07/92;0
17/07/92;0
18/07/92;0
19/07/92;0
20/07/92;0
21/07/92;0
22/07/92;0
23/07/92;2
24/07/92;7
25/07/92;0
26/07/92;0
27/07/92;0
28/07/92;0
29/07/92;0
30/07/92;0
31/07/92;0
01/08/92;0
02/08/92;6
03/08/92;20
04/08/92;0
05/08/92;0
06/08/92;0
07/08/92;0
08/08/92;0
09/08/92;0
10/08/92;0
11/08/92;0
12/08/92;0
13/08/92;0
14/08/92;0
15/08/92;0
16/08/92;0
17/08/92;0
18/08/92;0
19/08/92;0
20/08/92;0
21/08/92;0
22/08/92;0
23/08/92;0
24/08/92;3
25/08/92;5
26/08/92;5
27/08/92;15
28/08/92;11
29/08/92;0
30/08/92;75
31/08/92;60
01/09/92;0
02/09/92;7
03/09/92;10
04/09/92;0
05/09/92;75
06/09/92;1
07/09/92;6
08/09/92;6
09/09/92;24
10/09/92;0
11/09/92;0
12/09/92;0
13/09/92;13
14/09/92;0
15/09/92;0
16/09/92;0
17/09/92;0
18/09/92;0
19/09/92;0
20/09/92;0
21/09/92;0
22/09/92;0
23/09/92;0
24/09/92;3
25/09/92;0
26/09/92;0
27/09/92;0
28/09/92;0
29/09/92;0
30/09/92;0
01/10/92;0
02/10/92;8
03/10/92;4
04/10/92;0
05/10/92;0
06/10/92;10
07/10/92;14
08/10/92;9
09/10/92;3
10/10/92;0
11/10/92;0
12/10/92;0
13/10/92;0
14/10/92;0
15/10/92;2
16/10/92;27
17/10/92;9
18/10/92;52
19/10/92;22
20/10/92;0
21/10/92;0
22/10/92;2
23/10/92;4
24/10/92;27
25/10/92;24
26/10/92;3
27/10/92;0
28/10/92;0
29/10/92;0
30/10/92;0
31/10/92;0
01/11/92;0
02/11/92;2
03/11/92;0
04/11/92;0
05/11/92;0
06/11/92;0
07/11/92;0
08/11/92;1
09/11/92;7
10/11/92;8
11/11/92;0
12/11/92;0
13/11/92;0
14/11/92;0
15/11/92;0
16/11/92;1
17/11/92;27
18/11/92;5
19/11/92;4
20/11/92;16
21/11/92;40
22/11/92;27
23/11/92;44
24/11/92;4
25/11/92;25
26/11/92;15
27/11/92;10
28/11/92;2
29/11/92;2
30/11/92;0
01/12/92;66
02/12/92;66
03/12/92;26
04/12/92;31
05/12/92;41
06/12/92;5
07/12/92;0
08/12/92;0
09/12/92;15
10/12/92;5
11/12/92;70
12/12/92;22
13/12/92;12
14/12/92;8
15/12/92;12
16/12/92;54
17/12/92;7
18/12/92;3
19/12/92;0
20/12/92;12
21/12/92;0
22/12/92;22
23/12/92;54
24/12/92;0
25/12/92;28
26/12/92;0
27/12/92;0
28/12/92;0
29/12/92;8
30/12/92;0
31/12/92;12
01/01/93;43
02/01/93;12
03/01/93;27
04/01/93;43
05/01/93;1
06/01/93;8
07/01/93;8
08/01/93;1
09/01/93;0
10/01/93;32
11/01/93;6
12/01/93;18
13/01/93;0
14/01/93;0
15/01/93;0
16/01/93;41
17/01/93;13
18/01/93;23
19/01/93;4
20/01/93;3
21/01/93;8
22/01/93;5
23/01/93;110
24/01/93;88
25/01/93;36
26/01/93;0
27/01/93;13
28/01/93;26
29/01/93;4
30/01/93;22
31/01/93;29
01/02/93;0
02/02/93;0
03/02/93;0
04/02/93;0
05/02/93;0
06/02/93;0
07/02/93;0
08/02/93;23
09/02/93;10
10/02/93;0
11/02/93;0
12/02/93;0
13/02/93;0
14/02/93;50
15/02/93;4
16/02/93;6
17/02/93;20
18/02/93;0
19/02/93;1
20/02/93;10
21/02/93;2
22/02/93;13
23/02/93;3
24/02/93;0
25/02/93;0
26/02/93;3
27/02/93;1
28/02/93;0
01/03/93;0
02/03/93;0
03/03/93;0
04/03/93;15
05/03/93;31
06/03/93;12
07/03/93;49
08/03/93;54
09/03/93;2
10/03/93;10
11/03/93;17
12/03/93;1
13/03/93;82
14/03/93;25
15/03/93;0
16/03/93;0
17/03/93;2
18/03/93;50
19/03/93;21
20/03/93;13
21/03/93;12
22/03/93;1
23/03/93;4
24/03/93;1
25/03/93;57
26/03/93;5
27/03/93;15
28/03/93;5
29/03/93;7
30/03/93;1
31/03/93;7
01/04/93;9
02/04/93;5
03/04/93;3
04/04/93;9
05/04/93;0
06/04/93;28
07/04/93;10
08/04/93;3
09/04/93;15
10/04/93;7
11/04/93;4
12/04/93;16
13/04/93;0
14/04/93;51
15/04/93;15
16/04/93;16
17/04/93;8
18/04/93;1
19/04/93;13
20/04/93;7
21/04/93;47
22/04/93;4
23/04/93;20
24/04/93;4
25/04/93;0
26/04/93;0
27/04/93;0
28/04/93;5
29/04/93;0
30/04/93;0
01/05/93;20
02/05/93;47
03/05/93;0
04/05/93;0
05/05/93;19
06/05/93;11
07/05/93;0
08/05/93;0
09/05/93;0
10/05/93;0
11/05/93;0
12/05/93;0
13/05/93;0
14/05/93;0
15/05/93;0
16/05/93;0
17/05/93;0
18/05/93;0
19/05/93;0
20/05/93;0
21/05/93;0
22/05/93;0
23/05/93;2
24/05/93;0
25/05/93;2
26/05/93;0
27/05/93;0
28/05/93;0
29/05/93;22
30/05/93;0
31/05/93;0
01/06/93;0
02/06/93;0
03/06/93;25
04/06/93;0
05/06/93;0
06/06/93;0
07/06/93;12
08/06/93;11
09/06/93;3
10/06/93;0
11/06/93;5
12/06/93;32
13/06/93;5
14/06/93;4
15/06/93;7
16/06/93;8
17/06/93;0
18/06/93;0
19/06/93;3
20/06/93;0
21/06/93;0
22/06/93;2
23/06/93;0
24/06/93;0
25/06/93;0
26/06/93;0
27/06/93;0
28/06/93;0
29/06/93;0
30/06/93;0
01/07/93;0
02/07/93;0
03/07/93;0
04/07/93;0
05/07/93;0
06/07/93;0
07/07/93;0
08/07/93;0
09/07/93;0
10/07/93;0
11/07/93;0
12/07/93;0
13/07/93;0
14/07/93;0
15/07/93;0
16/07/93;0
17/07/93;0
18/07/93;0
19/07/93;0
20/07/93;0
21/07/93;0
22/07/93;0
23/07/93;0
24/07/93;0
25/07/93;0
26/07/93;0
27/07/93;0
28/07/93;0
29/07/93;0
30/07/93;0
31/07/93;0
01/08/93;0
02/08/93;4
03/08/93;0
04/08/93;0
05/08/93;0
06/08/93;0
07/08/93;0
08/08/93;0
09/08/93;0
10/08/93;0
11/08/93;0
12/08/93;0
13/08/93;0
14/08/93;0
15/08/93;0
16/08/93;0
17/08/93;0
18/08/93;0
19/08/93;0
20/08/93;0
21/08/93;0
22/08/93;0
23/08/93;0
24/08/93;0
25/08/93;0
26/08/93;0
27/08/93;0
28/08/93;0
29/08/93;0
30/08/93;0
31/08/93;0
01/09/93;0
02/09/93;0
03/09/93;0
04/09/93;0
05/09/93;0
06/09/93;0
07/09/93;0
08/09/93;0
09/09/93;0
10/09/93;0
11/09/93;0
12/09/93;0
13/09/93;0
14/09/93;0
15/09/93;0
16/09/93;0
17/09/93;0
18/09/93;0
19/09/93;0
20/09/93;4
21/09/93;0
22/09/93;0
23/09/93;0
24/09/93;0
25/09/93;0
26/09/93;0
27/09/93;0
28/09/93;3
29/09/93;0
30/09/93;0
01/10/93;0
02/10/93;0
03/10/93;0
04/10/93;0
05/10/93;0
06/10/93;0
07/10/93;0
08/10/93;0
09/10/93;3
10/10/93;0
11/10/93;0
12/10/93;0
13/10/93;0
14/10/93;10
15/10/93;20
16/10/93;0
17/10/93;0
18/10/93;0
19/10/93;0
20/10/93;0
21/10/93;0
22/10/93;3
23/10/93;0
24/10/93;0
25/10/93;0
26/10/93;0
27/10/93;0
28/10/93;0
29/10/93;0
30/10/93;0
31/10/93;0
01/11/93;0
02/11/93;0
03/11/93;0
04/11/93;0
05/11/93;0
06/11/93;0
07/11/93;0
08/11/93;0
09/11/93;0
10/11/93;0
11/11/93;0
12/11/93;30
13/11/93;12
14/11/93;9
15/11/93;9
16/11/93;19
17/11/93;15
18/11/93;100
19/11/93;5
20/11/93;70
21/11/93;5
22/11/93;0
23/11/93;0
24/11/93;6
25/11/93;2
26/11/93;0
27/11/93;6
28/11/93;11
29/11/93;4
30/11/93;41
01/12/93;79
02/12/93;39
03/12/93;12
04/12/93;24
05/12/93;0
06/12/93;1
07/12/93;4
08/12/93;13
09/12/93;13
10/12/93;3
11/12/93;2
12/12/93;4
13/12/93;12
14/12/93;13
15/12/93;0
16/12/93;0
17/12/93;0
18/12/93;0
19/12/93;0
20/12/93;71
21/12/93;3
22/12/93;53
23/12/93;43
24/12/93;13
25/12/93;20
26/12/93;35
27/12/93;0
28/12/93;0
29/12/93;0
30/12/93;0
31/12/93;0
01/01/94;5
02/01/94;0
03/01/94;7
04/01/94;10
05/01/94;0
06/01/94;4
07/01/94;24
08/01/94;14
09/01/94;36
10/01/94;5
11/01/94;15
12/01/94;8
13/01/94;0
14/01/94;23
15/01/94;0
16/01/94;43
17/01/94;43
18/01/94;11
19/01/94;35
20/01/94;4
21/01/94;3
22/01/94;0
23/01/94;25
24/01/94;6
25/01/94;3
26/01/94;1
27/01/94;13
28/01/94;11
29/01/94;47
30/01/94;75
31/01/94;0
01/02/94;7
02/02/94;11
03/02/94;4
04/02/94;14
05/02/94;39
06/02/94;16
07/02/94;0
08/02/94;0
09/02/94;10
10/02/94;21
11/02/94;12
12/02/94;4
13/02/94;33
14/02/94;29
15/02/94;13
16/02/94;9
17/02/94;4
18/02/94;0
19/02/94;94
20/02/94;0
21/02/94;0
22/02/94;6
23/02/94;6
24/02/94;21
25/02/94;2
26/02/94;19
27/02/94;37
28/02/94;27
01/03/94;24
02/03/94;20
03/03/94;12
04/03/94;66
05/03/94;28
06/03/94;19
07/03/94;42
08/03/94;28
09/03/94;12
10/03/94;26
11/03/94;49
12/03/94;36
13/03/94;6
14/03/94;11
15/03/94;5
16/03/94;11
17/03/94;0
18/03/94;0
19/03/94;42
20/03/94;46
21/03/94;0
22/03/94;3
23/03/94;33
24/03/94;91
25/03/94;29
26/03/94;61
27/03/94;41
28/03/94;8
29/03/94;6
30/03/94;1
31/03/94;7
01/04/94;3
02/04/94;17
03/04/94;51
04/04/94;39
05/04/94;0
06/04/94;0
07/04/94;0
08/04/94;1
09/04/94;30
10/04/94;0
11/04/94;0
12/04/94;0
13/04/94;13
14/04/94;31
15/04/94;6
16/04/94;3
17/04/94;5
18/04/94;0
19/04/94;7
20/04/94;1
21/04/94;7
22/04/94;1
23/04/94;0
24/04/94;0
25/04/94;0
26/04/94;0
27/04/94;18
28/04/94;9
29/04/94;3
30/04/94;0
01/05/94;0
02/05/94;0
03/05/94;0
04/05/94;0
05/05/94;21
06/05/94;10
07/05/94;0
08/05/94;0
09/05/94;0
10/05/94;0
11/05/94;3
12/05/94;7
13/05/94;0
14/05/94;0
15/05/94;0
16/05/94;0
17/05/94;0
18/05/94;0
19/05/94;0
20/05/94;0
21/05/94;0
22/05/94;0
23/05/94;0
24/05/94;0
25/05/94;0
26/05/94;0
27/05/94;0
28/05/94;0
29/05/94;0
30/05/94;0
31/05/94;0
01/06/94;0
02/06/94;0
03/06/94;0
04/06/94;0
05/06/94;0
06/06/94;0
07/06/94;2
08/06/94;0
09/06/94;0
10/06/94;0
11/06/94;0
12/06/94;0
13/06/94;0
14/06/94;0
15/06/94;0
16/06/94;0
17/06/94;0
18/06/94;0
19/06/94;0
20/06/94;0
21/06/94;0
22/06/94;0
23/06/94;0
24/06/94;0
25/06/94;0
26/06/94;0
27/06/94;0
28/06/94;0
29/06/94;0
30/06/94;0
01/07/94;0
02/07/94;0
03/07/94;0
04/07/94;0
05/07/94;0
06/07/94;0
07/07/94;0
08/07/94;0
09/07/94;0
10/07/94;0
11/07/94;0
12/07/94;0
13/07/94;0
14/07/94;0
15/07/94;0
16/07/94;0
17/07/94;0
18/07/94;0
19/07/94;0
20/07/94;0
21/07/94;0
22/07/94;0
23/07/94;0
24/07/94;0
25/07/94;0
26/07/94;0
27/07/94;0
28/07/94;0
29/07/94;0
30/07/94;0
31/07/94;0
01/08/94;0
02/08/94;0
03/08/94;0
04/08/94;0
05/08/94;0
06/08/94;0
07/08/94;0
08/08/94;0
09/08/94;0
10/08/94;0
11/08/94;0
12/08/94;0
13/08/94;0
14/08/94;0
15/08/94;0
16/08/94;0
17/08/94;0
18/08/94;0
19/08/94;0
20/08/94;0
21/08/94;0
22/08/94;0
23/08/94;0
24/08/94;0
25/08/94;0
26/08/94;0
27/08/94;0
28/08/94;0
29/08/94;0
30/08/94;0
31/08/94;0
01/09/94;0
02/09/94;0
03/09/94;0
04/09/94;0
05/09/94;0
06/09/94;0
07/09/94;0
08/09/94;0
09/09/94;0
10/09/94;0
11/09/94;0
12/09/94;0
13/09/94;0
14/09/94;0
15/09/94;0
16/09/94;0
17/09/94;0
18/09/94;0
19/09/94;0
20/09/94;0
21/09/94;0
22/09/94;0
23/09/94;0
24/09/94;0
25/09/94;0
26/09/94;0
27/09/94;0
28/09/94;0
29/09/94;0
30/09/94;0
01/10/94;0
02/10/94;0
03/10/94;0
04/10/94;0
05/10/94;0
06/10/94;0
07/10/94;0
08/10/94;0
09/10/94;0
10/10/94;0
11/10/94;0
12/10/94;0
13/10/94;0
14/10/94;0
15/10/94;3
16/10/94;0
17/10/94;0
18/10/94;1
19/10/94;0
20/10/94;0
21/10/94;0
22/10/94;0
23/10/94;0
24/10/94;0
25/10/94;0
26/10/94;6
27/10/94;0
28/10/94;0
29/10/94;1
30/10/94;0
31/10/94;0
01/11/94;4
02/11/94;0
03/11/94;0
04/11/94;0
05/11/94;0
06/11/94;4
07/11/94;0
08/11/94;0
09/11/94;0
10/11/94;0
11/11/94;0
12/11/94;0
13/11/94;0
14/11/94;3
15/11/94;9
16/11/94;14
17/11/94;39
18/11/94;7
19/11/94;9
20/11/94;4
21/11/94;6
22/11/94;0
23/11/94;0
24/11/94;0
25/11/94;0
26/11/94;6
27/11/94;6
28/11/94;15
29/11/94;5
30/11/94;0
01/12/94;15
02/12/94;9
03/12/94;0
04/12/94;2
05/12/94;10
06/12/94;16
07/12/94;7
08/12/94;1
09/12/94;0
10/12/94;11
11/12/94;11
12/12/94;9
13/12/94;43
14/12/94;3
15/12/94;53
16/12/94;20
17/12/94;27
18/12/94;0
19/12/94;0
20/12/94;0
21/12/94;0
22/12/94;1
23/12/94;0
24/12/94;0
25/12/94;0
26/12/94;0
27/12/94;0
28/12/94;0
29/12/94;0
30/12/94;0
31/12/94;5
01/01/95;1
02/01/95;21
03/01/95;50
04/01/95;15
05/01/95;7
06/01/95;17
07/01/95;38
08/01/95;24
09/01/95;3
10/01/95;22
11/01/95;29
12/01/95;12
13/01/95;39
14/01/95;1
15/01/95;0
16/01/95;2
17/01/95;4
18/01/95;0
19/01/95;9
20/01/95;38
21/01/95;24
22/01/95;57
23/01/95;0
24/01/95;9
25/01/95;37
26/01/95;7
27/01/95;59
28/01/95;0
29/01/95;21
30/01/95;1
31/01/95;3
01/02/95;102
02/02/95;25
03/02/95;24
04/02/95;41
05/02/95;2
06/02/95;45
07/02/95;4
08/02/95;6
09/02/95;13
10/02/95;4
11/02/95;6
12/02/95;85
13/02/95;5
14/02/95;83
15/02/95;0
16/02/95;22
17/02/95;2
18/02/95;0
19/02/95;13
20/02/95;35
21/02/95;26
22/02/95;0
23/02/95;3
24/02/95;0
25/02/95;36
26/02/95;17
27/02/95;166
28/02/95;51
01/03/95;10
02/03/95;85
03/03/95;31
04/03/95;0
05/03/95;11
06/03/95;0
07/03/95;12
08/03/95;12
09/03/95;3
10/03/95;0
11/03/95;1
12/03/95;0
13/03/95;9
14/03/95;53
15/03/95;3
16/03/95;27
17/03/95;42
18/03/95;14
19/03/95;77
20/03/95;12
21/03/95;0
22/03/95;17
23/03/95;12
24/03/95;4
25/03/95;0
26/03/95;0
27/03/95;11
28/03/95;0
29/03/95;13
30/03/95;26
31/03/95;0
01/04/95;0
02/04/95;32
03/04/95;0
04/04/95;0
05/04/95;1
06/04/95;23
07/04/95;3
08/04/95;0
09/04/95;23
10/04/95;0
11/04/95;0
12/04/95;0
13/04/95;0
14/04/95;0
15/04/95;9
16/04/95;0
17/04/95;24
18/04/95;12
19/04/95;0
20/04/95;0
21/04/95;0
22/04/95;0
23/04/95;0
24/04/95;0
25/04/95;0
26/04/95;1
27/04/95;0
28/04/95;3
29/04/95;2
30/04/95;19
01/05/95;6
02/05/95;86
03/05/95;0
04/05/95;0
05/05/95;22
06/05/95;1
07/05/95;0
08/05/95;5
09/05/95;5
10/05/95;0
11/05/95;1
12/05/95;0
13/05/95;18
14/05/95;0
15/05/95;0
16/05/95;5
17/05/95;2
18/05/95;6
19/05/95;2
20/05/95;0
21/05/95;0
22/05/95;0
23/05/95;0
24/05/95;0
25/05/95;0
26/05/95;0
27/05/95;0
28/05/95;0
29/05/95;0
30/05/95;0
31/05/95;0
01/06/95;50
02/06/95;70
03/06/95;0
04/06/95;0
05/06/95;0
06/06/95;0
07/06/95;0
08/06/95;9
09/06/95;2
10/06/95;0
11/06/95;11
12/06/95;23
13/06/95;0
14/06/95;7
15/06/95;14
16/06/95;0
17/06/95;0
18/06/95;0
19/06/95;33
20/06/95;14
21/06/95;6
22/06/95;14
23/06/95;3
24/06/95;0
25/06/95;9
26/06/95;10
27/06/95;4
28/06/95;4
29/06/95;22
30/06/95;6
01/07/95;0
02/07/95;0
03/07/95;0
04/07/95;0
05/07/95;2
06/07/95;1
07/07/95;0
08/07/95;0
09/07/95;4
10/07/95;45
11/07/95;2
12/07/95;0
13/07/95;0
14/07/95;0
15/07/95;0
16/07/95;0
17/07/95;0
18/07/95;0
19/07/95;0
20/07/95;2
21/07/95;0
22/07/95;0
23/07/95;0
24/07/95;0
25/07/95;0
26/07/95;0
27/07/95;0
28/07/95;0
29/07/95;0
30/07/95;0
31/07/95;0
01/08/95;0
02/08/95;0
03/08/95;0
04/08/95;0
05/08/95;0
06/08/95;0
07/08/95;0
08/08/95;0
09/08/95;6
10/08/95;3
11/08/95;0
12/08/95;0
13/08/95;0
14/08/95;0
15/08/95;0
16/08/95;0
17/08/95;0
18/08/95;0
19/08/95;0
20/08/95;0
21/08/95;0
22/08/95;0
23/08/95;0
24/08/95;0
25/08/95;0
26/08/95;0
27/08/95;0
28/08/95;0
29/08/95;0
30/08/95;0
31/08/95;0
01/09/95;0
02/09/95;0
03/09/95;0
04/09/95;0
05/09/95;0
06/09/95;0
07/09/95;0
08/09/95;0
09/09/95;0
10/09/95;0
11/09/95;0
12/09/95;0
13/09/95;0
14/09/95;0
15/09/95;0
16/09/95;0
17/09/95;0
18/09/95;0
19/09/95;0
20/09/95;6
21/09/95;0
22/09/95;0
23/09/95;0
24/09/95;0
25/09/95;0
26/09/95;0
27/09/95;19
28/09/95;1
29/09/95;0
30/09/95;24
01/10/95;0
02/10/95;0
03/10/95;0
04/10/95;1
05/10/95;1
06/10/95;0
07/10/95;0
08/10/95;0
09/10/95;0
10/10/95;4
11/10/95;1
12/10/95;3
13/10/95;0
14/10/95;0
15/10/95;15
16/10/95;0
17/10/95;18
18/10/95;0
19/10/95;37
20/10/95;3
21/10/95;7
22/10/95;54
23/10/95;1
24/10/95;19
25/10/95;31
26/10/95;1
27/10/95;1
28/10/95;5
29/10/95;0
30/10/95;0
31/10/95;0
01/11/95;66
02/11/95;0
03/11/95;3
04/11/95;10
05/11/95;3
06/11/95;3
07/11/95;0
08/11/95;50
09/11/95;5
10/11/95;0
11/11/95;3
12/11/95;1
13/11/95;11
14/11/95;2
15/11/95;42
16/11/95;73
17/11/95;24
18/11/95;84
19/11/95;32
20/11/95;0
21/11/95;33
22/11/95;0
23/11/95;3
24/11/95;47
25/11/95;3
26/11/95;15
27/11/95;2
28/11/95;7
29/11/95;3
30/11/95;81
01/12/95;5
02/12/95;1
03/12/95;9
04/12/95;81
05/12/95;73
06/12/95;31
07/12/95;26
08/12/95;26
09/12/95;8
10/12/95;7
11/12/95;4
12/12/95;29
13/12/95;23
14/12/95;5
15/12/95;0
16/12/95;18
17/12/95;3
18/12/95;0
19/12/95;0
20/12/95;0
21/12/95;1
22/12/95;4
23/12/95;3
24/12/95;14
25/12/95;0
26/12/95;1
27/12/95;2
28/12/95;8
29/12/95;0
30/12/95;0
31/12/95;0
01/01/96;15
02/01/96;18
03/01/96;3
04/01/96;0
05/01/96;3
06/01/96;22
07/01/96;0
08/01/96;37
09/01/96;15
10/01/96;0
11/01/96;2
12/01/96;25
13/01/96;65
14/01/96;31
15/01/96;0
16/01/96;6
17/01/96;45
18/01/96;18
19/01/96;1
20/01/96;108
21/01/96;9
22/01/96;20
23/01/96;0
24/01/96;8
25/01/96;1
26/01/96;8
27/01/96;47
28/01/96;6
29/01/96;6
30/01/96;7
31/01/96;4
01/02/96;9
02/02/96;2
03/02/96;26
04/02/96;2
05/02/96;7
06/02/96;10
07/02/96;60
08/02/96;32
09/02/96;95
10/02/96;1
11/02/96;1
12/02/96;87
13/02/96;62
14/02/96;4
15/02/96;6
16/02/96;4
17/02/96;20
18/02/96;0
19/02/96;0
20/02/96;24
21/02/96;30
22/02/96;2
23/02/96;5
24/02/96;29
25/02/96;8
26/02/96;12
27/02/96;2
28/02/96;0
29/02/96;18
01/03/96;2
02/03/96;0
03/03/96;8
04/03/96;0
05/03/96;12
06/03/96;0
07/03/96;1
08/03/96;0
09/03/96;70
10/03/96;0
11/03/96;5
12/03/96;4
13/03/96;6
14/03/96;21
15/03/96;39
16/03/96;18
17/03/96;0
18/03/96;0
19/03/96;0
20/03/96;0
21/03/96;3
22/03/96;0
23/03/96;11
24/03/96;51
25/03/96;11
26/03/96;0
27/03/96;0
28/03/96;0
29/03/96;0
30/03/96;0
31/03/96;0
01/04/96;4
02/04/96;9
03/04/96;3
04/04/96;0
05/04/96;3
06/04/96;0
07/04/96;0
08/04/96;0
09/04/96;0
10/04/96;0
11/04/96;0
12/04/96;7
13/04/96;3
14/04/96;6
15/04/96;67
16/04/96;42
17/04/96;30
18/04/96;3
19/04/96;2
20/04/96;2
21/04/96;1
22/04/96;18
23/04/96;2
24/04/96;0
25/04/96;0
26/04/96;0
27/04/96;0
28/04/96;0
29/04/96;0
30/04/96;0
01/05/96;0
02/05/96;0
03/05/96;0
04/05/96;0
05/05/96;0
06/05/96;0
07/05/96;0
08/05/96;0
09/05/96;0
10/05/96;0
11/05/96;0
12/05/96;0
13/05/96;0
14/05/96;0
15/05/96;0
16/05/96;0
17/05/96;0
18/05/96;0
19/05/96;0
20/05/96;1
21/05/96;10
22/05/96;0
23/05/96;3
24/05/96;1
25/05/96;0
26/05/96;0
27/05/96;22
28/05/96;1
29/05/96;7
30/05/96;0
31/05/96;3
01/06/96;0
02/06/96;0
03/06/96;0
04/06/96;0
05/06/96;0
06/06/96;0
07/06/96;0
08/06/96;0
09/06/96;0
10/06/96;2
11/06/96;0
12/06/96;0
13/06/96;12
14/06/96;0
15/06/96;0
16/06/96;1
17/06/96;0
18/06/96;0
19/06/96;0
20/06/96;0
21/06/96;0
22/06/96;0
23/06/96;0
24/06/96;0
25/06/96;20
26/06/96;0
27/06/96;0
28/06/96;0
29/06/96;0
30/06/96;0
01/07/96;4
02/07/96;0
03/07/96;0
04/07/96;0
05/07/96;0
06/07/96;0
07/07/96;0
08/07/96;0
09/07/96;0
10/07/96;0
11/07/96;0
12/07/96;0
13/07/96;0
14/07/96;19
15/07/96;0
16/07/96;0
17/07/96;0
18/07/96;0
19/07/96;0
20/07/96;0
21/07/96;0
22/07/96;0
23/07/96;0
24/07/96;0
25/07/96;0
26/07/96;0
27/07/96;0
28/07/96;0
29/07/96;0
30/07/96;0
31/07/96;0
01/08/96;0
02/08/96;0
03/08/96;0
04/08/96;0
05/08/96;0
06/08/96;0
07/08/96;0
08/08/96;0
09/08/96;0
10/08/96;41
11/08/96;1
12/08/96;0
13/08/96;10
14/08/96;0
15/08/96;0
16/08/96;0
17/08/96;0
18/08/96;0
19/08/96;0
20/08/96;0
21/08/96;0
22/08/96;0
23/08/96;0
24/08/96;0
25/08/96;0
26/08/96;0
27/08/96;19
28/08/96;10
29/08/96;0
30/08/96;0
31/08/96;0
01/09/96;0
02/09/96;0
03/09/96;0
04/09/96;2
05/09/96;0
06/09/96;0
07/09/96;0
08/09/96;0
09/09/96;0
10/09/96;0
11/09/96;0
12/09/96;0
13/09/96;0
14/09/96;0
15/09/96;0
16/09/96;0
17/09/96;0
18/09/96;0
19/09/96;0
20/09/96;0
21/09/96;3
22/09/96;2
23/09/96;14
24/09/96;0
25/09/96;0
26/09/96;0
27/09/96;0
28/09/96;0
29/09/96;0
30/09/96;0
01/10/96;23
02/10/96;0
03/10/96;50
04/10/96;7
05/10/96;0
06/10/96;0
07/10/96;0
08/10/96;11
09/10/96;11
10/10/96;10
11/10/96;0
12/10/96;0
13/10/96;0
14/10/96;20
15/10/96;11
16/10/96;0
17/10/96;0
18/10/96;30
19/10/96;27
20/10/96;20
21/10/96;5
22/10/96;6
23/10/96;6
24/10/96;0
25/10/96;5
26/10/96;0
27/10/96;30
28/10/96;0
29/10/96;6
30/10/96;9
31/10/96;26
01/11/96;6
02/11/96;12
03/11/96;0
04/11/96;11
05/11/96;10
06/11/96;65
07/11/96;49
08/11/96;34
09/11/96;71
10/11/96;19
11/11/96;1
12/11/96;0
13/11/96;1
14/11/96;4
15/11/96;1
16/11/96;10
17/11/96;62
18/11/96;2
19/11/96;11
20/11/96;11
21/11/96;8
22/11/96;46
23/11/96;44
24/11/96;0
25/11/96;15
26/11/96;18
27/11/96;0
28/11/96;0
29/11/96;0
30/11/96;0
01/12/96;5
02/12/96;5
03/12/96;11
04/12/96;0
05/12/96;8
06/12/96;22
07/12/96;3
08/12/96;0
09/12/96;22
10/12/96;97
11/12/96;15
12/12/96;15
13/12/96;58
14/12/96;7
15/12/96;3
16/12/96;0
17/12/96;2
18/12/96;9
19/12/96;0
20/12/96;0
21/12/96;0
22/12/96;0
23/12/96;0
24/12/96;0
25/12/96;0
26/12/96;2
27/12/96;17
28/12/96;5
29/12/96;1
30/12/96;15
31/12/96;3
01/01/97;36
02/01/97;64
03/01/97;0
04/01/97;0
05/01/97;17
06/01/97;2
07/01/97;0
08/01/97;73
09/01/97;9
10/01/97;41
11/01/97;19
12/01/97;1
13/01/97;0
14/01/97;57
15/01/97;51
16/01/97;13
17/01/97;27
18/01/97;14
19/01/97;32
20/01/97;1
21/01/97;2
22/01/97;0
23/01/97;7
24/01/97;36
25/01/97;17
26/01/97;3
27/01/97;1
28/01/97;1
29/01/97;13
30/01/97;0
31/01/97;0
01/02/97;0
02/02/97;104
03/02/97;35
04/02/97;34
05/02/97;38
06/02/97;38
07/02/97;8
08/02/97;13
09/02/97;61
10/02/97;0
11/02/97;0
12/02/97;3
13/02/97;34
14/02/97;8
15/02/97;19
16/02/97;0
17/02/97;0
18/02/97;2
19/02/97;38
20/02/97;0
21/02/97;0
22/02/97;55
23/02/97;19
24/02/97;0
25/02/97;25
26/02/97;21
27/02/97;0
28/02/97;55
01/03/97;1
02/03/97;3
03/03/97;8
04/03/97;5
05/03/97;1
06/03/97;12
07/03/97;3
08/03/97;0
09/03/97;0
10/03/97;0
11/03/97;67
12/03/97;0
13/03/97;0
14/03/97;0
15/03/97;0
16/03/97;0
17/03/97;1
18/03/97;11
19/03/97;0
20/03/97;10
21/03/97;0
22/03/97;9
23/03/97;0
24/03/97;2
25/03/97;0
26/03/97;0
27/03/97;5
28/03/97;34
29/03/97;11
30/03/97;10
31/03/97;1
01/04/97;0
02/04/97;0
03/04/97;9
04/04/97;0
05/04/97;0
06/04/97;0
07/04/97;32
08/04/97;10
09/04/97;12
10/04/97;5
11/04/97;6
12/04/97;12
13/04/97;9
14/04/97;32
15/04/97;37
16/04/97;16
17/04/97;19
18/04/97;55
19/04/97;5
20/04/97;16
21/04/97;20
22/04/97;0
23/04/97;1
24/04/97;0
25/04/97;0
26/04/97;0
27/04/97;0
28/04/97;0
29/04/97;0
30/04/97;13
01/05/97;3
02/05/97;0
03/05/97;0
04/05/97;0
05/05/97;0
06/05/97;0
07/05/97;0
08/05/97;4
09/05/97;2
10/05/97;17
11/05/97;0
12/05/97;1
13/05/97;0
14/05/97;34
15/05/97;1
16/05/97;0
17/05/97;35
18/05/97;0
19/05/97;0
20/05/97;0
21/05/97;0
22/05/97;2
23/05/97;0
24/05/97;0
25/05/97;0
26/05/97;1
27/05/97;0
28/05/97;0
29/05/97;11
30/05/97;4
31/05/97;0
01/06/97;0
02/06/97;0
03/06/97;0
04/06/97;0
05/06/97;0
06/06/97;0
07/06/97;0
08/06/97;0
09/06/97;0
10/06/97;0
11/06/97;0
12/06/97;6
13/06/97;4
14/06/97;0
15/06/97;0
16/06/97;0
17/06/97;0
18/06/97;0
19/06/97;0
20/06/97;0
21/06/97;0
22/06/97;0
23/06/97;0
24/06/97;0
25/06/97;0
26/06/97;0
27/06/97;0
28/06/97;0
29/06/97;0
30/06/97;0
01/07/97;0
02/07/97;0
03/07/97;6
04/07/97;1
05/07/97;0
06/07/97;0
07/07/97;0
08/07/97;0
09/07/97;0
10/07/97;0
11/07/97;0
12/07/97;0
13/07/97;0
14/07/97;0
15/07/97;0
16/07/97;0
17/07/97;0
18/07/97;0
19/07/97;0
20/07/97;0
21/07/97;0
22/07/97;0
23/07/97;0
24/07/97;0
25/07/97;0
26/07/97;0
27/07/97;0
28/07/97;0
29/07/97;0
30/07/97;0
31/07/97;0
01/08/97;0
02/08/97;0
03/08/97;2
04/08/97;0
05/08/97;0
06/08/97;0
07/08/97;0
08/08/97;0
09/08/97;0
10/08/97;0
11/08/97;0
12/08/97;0
13/08/97;0
14/08/97;0
15/08/97;0
16/08/97;0
17/08/97;0
18/08/97;0
19/08/97;0
20/08/97;0
21/08/97;0
22/08/97;0
23/08/97;0
24/08/97;0
25/08/97;0
26/08/97;0
27/08/97;0
28/08/97;0
29/08/97;0
30/08/97;0
31/08/97;0
01/09/97;0
02/09/97;0
03/09/97;0
04/09/97;0
05/09/97;0
06/09/97;0
07/09/97;0
08/09/97;0
09/09/97;0
10/09/97;0
11/09/97;0
12/09/97;0
13/09/97;0
14/09/97;0
15/09/97;0
16/09/97;0
17/09/97;0
18/09/97;0
19/09/97;0
20/09/97;0
21/09/97;0
22/09/97;0
23/09/97;0
24/09/97;0
25/09/97;0
26/09/97;0
27/09/97;0
28/09/97;0
29/09/97;0
30/09/97;0
01/10/97;0
02/10/97;0
03/10/97;0
04/10/97;8
05/10/97;0
06/10/97;0
07/10/97;0
08/10/97;0
09/10/97;0
10/10/97;0
11/10/97;0
12/10/97;0
13/10/97;0
14/10/97;0
15/10/97;0
16/10/97;0
17/10/97;0
18/10/97;0
19/10/97;0
20/10/97;0
21/10/97;0
22/10/97;0
23/10/97;0
24/10/97;0
25/10/97;0
26/10/97;8
27/10/97;15
28/10/97;0
29/10/97;0
30/10/97;0
31/10/97;0
01/11/97;0
02/11/97;0
03/11/97;0
04/11/97;0
05/11/97;0
06/11/97;0
07/11/97;0
08/11/97;0
09/11/97;2
10/11/97;32
11/11/97;0
12/11/97;4
13/11/97;0
14/11/97;1
15/11/97;0
16/11/97;0
17/11/97;0
18/11/97;0
19/11/97;2
20/11/97;4
21/11/97;1
22/11/97;0
23/11/97;2
24/11/97;0
25/11/97;0
26/11/97;0
27/11/97;0
28/11/97;10
29/11/97;8
30/11/97;48
01/12/97;2
02/12/97;25
03/12/97;6
04/12/97;2
05/12/97;0
06/12/97;2
07/12/97;0
08/12/97;70
09/12/97;5
10/12/97;4
11/12/97;13
12/12/97;58
13/12/97;14
14/12/97;10
15/12/97;42
16/12/97;1
17/12/97;41
18/12/97;0
19/12/97;0
20/12/97;0
21/12/97;47
22/12/97;7
23/12/97;0
24/12/97;27
25/12/97;0
26/12/97;13
27/12/97;0
28/12/97;0
29/12/97;1
30/12/97;0
31/12/97;55
01/01/98;3
02/01/98;16
03/01/98;0
04/01/98;0
05/01/98;0
06/01/98;20
07/01/98;19
08/01/98;40
09/01/98;16
10/01/98;75
11/01/98;0
12/01/98;0
13/01/98;14
14/01/98;38
15/01/98;3
16/01/98;4
17/01/98;3
18/01/98;20
19/01/98;0
20/01/98;36
21/01/98;9
22/01/98;0
23/01/98;1
24/01/98;0
25/01/98;3
26/01/98;26
27/01/98;11
28/01/98;46
29/01/98;0
30/01/98;42
31/01/98;2
01/02/98;15
02/02/98;0
03/02/98;1
04/02/98;9
05/02/98;1
06/02/98;0
07/02/98;34
08/02/98;23
09/02/98;55
10/02/98;78
11/02/98;17
12/02/98;10
13/02/98;0
14/02/98;0
15/02/98;4
16/02/98;50
17/02/98;29
18/02/98;14
19/02/98;36
20/02/98;16
21/02/98;0
22/02/98;0
23/02/98;28
24/02/98;1
25/02/98;9
26/02/98;0
27/02/98;4
28/02/98;1
01/03/98;22
02/03/98;20
03/03/98;79
04/03/98;8
05/03/98;9
06/03/98;11
07/03/98;1
08/03/98;0
09/03/98;17
10/03/98;18
11/03/98;13
12/03/98;24
13/03/98;1
14/03/98;0
15/03/98;39
16/03/98;51
17/03/98;3
18/03/98;13
19/03/98;9
20/03/98;25
21/03/98;0
22/03/98;2
23/03/98;0
24/03/98;33
25/03/98;1
26/03/98;26
27/03/98;0
28/03/98;20
29/03/98;7
30/03/98;8
31/03/98;0
01/04/98;37
02/04/98;32
03/04/98;41
04/04/98;8
05/04/98;1
06/04/98;2
07/04/98;6
08/04/98;36
09/04/98;1
10/04/98;2
11/04/98;15
12/04/98;16
13/04/98;3
14/04/98;5
15/04/98;18
16/04/98;3
17/04/98;0
18/04/98;6
19/04/98;27
20/04/98;1
21/04/98;10
22/04/98;1
23/04/98;2
24/04/98;2
25/04/98;30
26/04/98;8
27/04/98;33
28/04/98;2
29/04/98;1
30/04/98;6
01/05/98;0
02/05/98;15
03/05/98;10
04/05/98;7
05/05/98;14
06/05/98;12
07/05/98;0
08/05/98;1
09/05/98;14
10/05/98;0
11/05/98;0
12/05/98;15
13/05/98;0
14/05/98;0
15/05/98;4
16/05/98;3
17/05/98;3
18/05/98;4
19/05/98;0
20/05/98;0
21/05/98;0
22/05/98;0
23/05/98;0
24/05/98;0
25/05/98;1
26/05/98;0
27/05/98;20
28/05/98;0
29/05/98;0
30/05/98;9
31/05/98;6
01/06/98;0
02/06/98;2
03/06/98;0
04/06/98;17
05/06/98;2
06/06/98;42
07/06/98;2
08/06/98;0
09/06/98;0
10/06/98;4
11/06/98;0
12/06/98;0
13/06/98;0
14/06/98;0
15/06/98;6
16/06/98;48
17/06/98;3
18/06/98;4
19/06/98;34
20/06/98;2
21/06/98;4
22/06/98;24
23/06/98;0
24/06/98;5
25/06/98;14
26/06/98;0
27/06/98;0
28/06/98;5
29/06/98;14
30/06/98;29
01/07/98;0
02/07/98;0
03/07/98;0
04/07/98;0
05/07/98;0
06/07/98;5
07/07/98;10
08/07/98;8
09/07/98;0
10/07/98;0
11/07/98;0
12/07/98;46
13/07/98;14
14/07/98;5
15/07/98;0
16/07/98;3
17/07/98;4
18/07/98;0
19/07/98;1
20/07/98;0
21/07/98;0
22/07/98;0
23/07/98;2
24/07/98;0
25/07/98;0
26/07/98;0
27/07/98;2
28/07/98;17
29/07/98;7
30/07/98;2
31/07/98;0
01/08/98;0
02/08/98;0
03/08/98;0
04/08/98;1
05/08/98;1
06/08/98;0
07/08/98;0
08/08/98;0
09/08/98;0
10/08/98;0
11/08/98;0
12/08/98;0
13/08/98;0
14/08/98;1
15/08/98;0
16/08/98;0
17/08/98;0
18/08/98;0
19/08/98;0
20/08/98;0
21/08/98;0
22/08/98;0
23/08/98;0
24/08/98;0
25/08/98;0
26/08/98;0
27/08/98;0
28/08/98;0
29/08/98;0
30/08/98;0
31/08/98;0
01/09/98;0
02/09/98;0
03/09/98;0
04/09/98;0
05/09/98;0
06/09/98;0
07/09/98;0
08/09/98;0
09/09/98;0
10/09/98;4
11/09/98;0
12/09/98;0
13/09/98;0
14/09/98;0
15/09/98;0
16/09/98;0
17/09/98;0
18/09/98;0
19/09/98;3
20/09/98;6
21/09/98;0
22/09/98;0
23/09/98;0
24/09/98;72
25/09/98;24
26/09/98;0
27/09/98;34
28/09/98;1
29/09/98;4
30/09/98;0
01/10/98;0
02/10/98;0
03/10/98;0
04/10/98;0
05/10/98;0
06/10/98;19
07/10/98;48
08/10/98;11
09/10/98;4
10/10/98;3
11/10/98;3
12/10/98;8
13/10/98;0
14/10/98;4
15/10/98;0
16/10/98;1
17/10/98;4
18/10/98;0
19/10/98;10
20/10/98;2
21/10/98;1
22/10/98;22
23/10/98;0
24/10/98;3
25/10/98;12
26/10/98;1
27/10/98;2
28/10/98;0
29/10/98;2
30/10/98;30
31/10/98;36
01/11/98;30
02/11/98;9
03/11/98;6
04/11/98;0
05/11/98;7
06/11/98;47
07/11/98;4
08/11/98;8
09/11/98;16
10/11/98;10
11/11/98;1
12/11/98;8
13/11/98;0
14/11/98;17
15/11/98;8
16/11/98;46
17/11/98;47
18/11/98;18
19/11/98;5
20/11/98;15
21/11/98;0
22/11/98;0
23/11/98;0
24/11/98;0
25/11/98;0
26/11/98;0
27/11/98;0
28/11/98;0
29/11/98;52
30/11/98;0
01/12/98;7
02/12/98;2
03/12/98;1
04/12/98;8
05/12/98;6
06/12/98;0
07/12/98;0
08/12/98;0
09/12/98;0
10/12/98;0
11/12/98;0
12/12/98;0
13/12/98;7
14/12/98;0
15/12/98;42
16/12/98;73
17/12/98;51
18/12/98;7
19/12/98;69
20/12/98;5
21/12/98;35
22/12/98;2
23/12/98;29
24/12/98;0
25/12/98;1
26/12/98;8
27/12/98;17
28/12/98;17
29/12/98;7
30/12/98;15
31/12/98;16
01/01/99;11
02/01/99;3
03/01/99;76
04/01/99;11
05/01/99;23
06/01/99;3
07/01/99;10
08/01/99;21
09/01/99;68
10/01/99;14
11/01/99;34
12/01/99;8
13/01/99;0
14/01/99;0
15/01/99;1
16/01/99;1
17/01/99;0
18/01/99;15
19/01/99;0
20/01/99;64
21/01/99;0
22/01/99;52
23/01/99;6
24/01/99;58
25/01/99;53
26/01/99;49
27/01/99;69
28/01/99;10
29/01/99;8
30/01/99;25
31/01/99;30
01/02/99;36
02/02/99;3
03/02/99;21
04/02/99;16
05/02/99;48
06/02/99;17
07/02/99;7
08/02/99;0
09/02/99;3
10/02/99;108
11/02/99;18
12/02/99;6
13/02/99;0
14/02/99;34
15/02/99;0
16/02/99;4
17/02/99;8
18/02/99;0
19/02/99;2
20/02/99;3
21/02/99;33
22/02/99;37
23/02/99;1
24/02/99;54
25/02/99;0
26/02/99;2
27/02/99;13
28/02/99;59
01/03/99;22
02/03/99;5
03/03/99;0
04/03/99;0
05/03/99;2
06/03/99;0
07/03/99;55
08/03/99;58
09/03/99;20
10/03/99;2
11/03/99;5
12/03/99;0
13/03/99;2
14/03/99;76
15/03/99;10
16/03/99;74
17/03/99;37
18/03/99;13
19/03/99;4
20/03/99;10
21/03/99;0
22/03/99;15
23/03/99;0
24/03/99;14
25/03/99;9
26/03/99;26
27/03/99;2
28/03/99;3
29/03/99;0
30/03/99;0
31/03/99;0
01/04/99;0
02/04/99;12
03/04/99;0
04/04/99;11
05/04/99;9
06/04/99;24
07/04/99;9
08/04/99;3
09/04/99;10
10/04/99;0
11/04/99;6
12/04/99;38
13/04/99;3
14/04/99;17
15/04/99;3
16/04/99;8
17/04/99;61
18/04/99;2
19/04/99;0
20/04/99;0
21/04/99;0
22/04/99;0
23/04/99;0
24/04/99;7
25/04/99;0
26/04/99;0
27/04/99;0
28/04/99;9
29/04/99;2
30/04/99;5
01/05/99;3
02/05/99;60
03/05/99;0
04/05/99;12
05/05/99;72
06/05/99;0
07/05/99;0
08/05/99;2
09/05/99;0
10/05/99;0
11/05/99;0
12/05/99;3
13/05/99;5
14/05/99;16
15/05/99;0
16/05/99;0
17/05/99;0
18/05/99;0
19/05/99;0
20/05/99;2
21/05/99;0
22/05/99;0
23/05/99;0
24/05/99;0
25/05/99;0
26/05/99;0
27/05/99;0
28/05/99;0
29/05/99;0
30/05/99;0
31/05/99;0
01/06/99;0
02/06/99;0
03/06/99;0
04/06/99;5
05/06/99;3
06/06/99;0
07/06/99;0
08/06/99;3
09/06/99;0
10/06/99;0
11/06/99;3
12/06/99;0
13/06/99;1
14/06/99;13
15/06/99;0
16/06/99;0
17/06/99;0
18/06/99;0
19/06/99;0
20/06/99;0
21/06/99;0
22/06/99;17
23/06/99;0
24/06/99;0
25/06/99;0
26/06/99;0
27/06/99;0
28/06/99;0
29/06/99;0
30/06/99;0
01/07/99;0
02/07/99;0
03/07/99;0
04/07/99;0
05/07/99;6
06/07/99;4
07/07/99;0
08/07/99;0
09/07/99;0
10/07/99;0
11/07/99;0
12/07/99;0
13/07/99;0
14/07/99;0
15/07/99;0
16/07/99;0
17/07/99;0
18/07/99;0
19/07/99;0
20/07/99;0
21/07/99;0
22/07/99;0
23/07/99;0
24/07/99;0
25/07/99;6
26/07/99;0
27/07/99;0
28/07/99;0
29/07/99;0
30/07/99;0
31/07/99;0
01/08/99;0
02/08/99;0
03/08/99;0
04/08/99;0
05/08/99;0
06/08/99;0
07/08/99;0
08/08/99;0
09/08/99;0
10/08/99;0
11/08/99;2
12/08/99;56
13/08/99;0
14/08/99;0
15/08/99;0
16/08/99;0
17/08/99;0
18/08/99;0
19/08/99;0
20/08/99;0
21/08/99;0
22/08/99;0
23/08/99;0
24/08/99;15
25/08/99;0
26/08/99;0
27/08/99;0
28/08/99;0
29/08/99;0
30/08/99;0
31/08/99;0
01/09/99;0
02/09/99;0
03/09/99;0
04/09/99;0
05/09/99;0
06/09/99;0
07/09/99;0
08/09/99;0
09/09/99;0
10/09/99;0
11/09/99;0
12/09/99;0
13/09/99;0
14/09/99;0
15/09/99;0
16/09/99;0
17/09/99;0
18/09/99;0
19/09/99;0
20/09/99;0
21/09/99;0
22/09/99;0
23/09/99;0
24/09/99;0
25/09/99;0
26/09/99;0
27/09/99;0
28/09/99;0
29/09/99;0
30/09/99;0
01/10/99;0
02/10/99;0
03/10/99;0
04/10/99;0
05/10/99;0
06/10/99;0
07/10/99;0
08/10/99;0
09/10/99;0
10/10/99;0
11/10/99;24
12/10/99;34
13/10/99;46
14/10/99;1
15/10/99;17
16/10/99;9
17/10/99;0
18/10/99;0
19/10/99;0
20/10/99;0
21/10/99;10
22/10/99;12
23/10/99;11
24/10/99;26
25/10/99;10
26/10/99;5
27/10/99;1
28/10/99;13
29/10/99;0
30/10/99;0
31/10/99;19
01/11/99;8
02/11/99;14
03/11/99;22
04/11/99;92
05/11/99;0
06/11/99;4
07/11/99;3
08/11/99;0
09/11/99;37
10/11/99;7
11/11/99;4
12/11/99;78
13/11/99;0
14/11/99;0
15/11/99;78
16/11/99;45
17/11/99;24
18/11/99;82
19/11/99;4
20/11/99;48
21/11/99;14
22/11/99;9
23/11/99;33
24/11/99;28
25/11/99;68
26/11/99;22
27/11/99;6
28/11/99;0
29/11/99;21
30/11/99;0
01/12/99;7
02/12/99;56
03/12/99;30
04/12/99;73
05/12/99;14
06/12/99;11
07/12/99;11
08/12/99;40
09/12/99;41
10/12/99;29
11/12/99;74
12/12/99;1
13/12/99;15
14/12/99;10
15/12/99;1
16/12/99;0
17/12/99;0
18/12/99;3
19/12/99;5
20/12/99;0
21/12/99;36
22/12/99;10
23/12/99;11
24/12/99;81
25/12/99;20
26/12/99;106
27/12/99;27
28/12/99;15
29/12/99;8
30/12/99;14
31/12/99;1
01/01/00;4
02/01/00;0
03/01/00;19
04/01/00;1
05/01/00;7
06/01/00;8
07/01/00;11
08/01/00;2
09/01/00;0
10/01/00;16
11/01/00;7
12/01/00;1
13/01/00;10
14/01/00;0
15/01/00;0
16/01/00;2
17/01/00;3
18/01/00;29
19/01/00;8
20/01/00;30
21/01/00;63
22/01/00;4
23/01/00;13
24/01/00;9
25/01/00;0
26/01/00;0
27/01/00;3
28/01/00;32
29/01/00;0
30/01/00;74
31/01/00;2
01/02/00;10
02/02/00;39
03/02/00;0
04/02/00;54
05/02/00;31
06/02/00;0
07/02/00;27
08/02/00;45
09/02/00;16
10/02/00;61
11/02/00;1
12/02/00;0
13/02/00;10
14/02/00;2
15/02/00;0
16/02/00;0
17/02/00;0
18/02/00;0
19/02/00;2
20/02/00;34
21/02/00;30
22/02/00;0
23/02/00;24
24/02/00;0
25/02/00;58
26/02/00;2
27/02/00;9
28/02/00;0
29/02/00;0
01/03/00;0
02/03/00;15
03/03/00;49
04/03/00;22
05/03/00;0
06/03/00;21
07/03/00;17
08/03/00;6
09/03/00;19
10/03/00;11
11/03/00;0
12/03/00;5
13/03/00;23
14/03/00;18
15/03/00;0
16/03/00;0
17/03/00;3
18/03/00;6
19/03/00;32
20/03/00;3
21/03/00;45
22/03/00;65
23/03/00;1
24/03/00;2
25/03/00;22
26/03/00;11
27/03/00;33
28/03/00;51
29/03/00;50
30/03/00;38
31/03/00;0
01/04/00;31
02/04/00;40
03/04/00;76
04/04/00;55
05/04/00;26
06/04/00;10
07/04/00;86
08/04/00;7
09/04/00;12
10/04/00;0
11/04/00;102
12/04/00;1
13/04/00;31
14/04/00;127
15/04/00;7
16/04/00;10
17/04/00;4
18/04/00;10
19/04/00;1
20/04/00;10
21/04/00;10
22/04/00;1
23/04/00;20
24/04/00;3
25/04/00;5
26/04/00;45
27/04/00;53
28/04/00;18
29/04/00;0
30/04/00;0
01/05/00;12
02/05/00;4
03/05/00;1
04/05/00;34
05/05/00;0
06/05/00;31
07/05/00;11
08/05/00;0
09/05/00;0
10/05/00;0
11/05/00;0
12/05/00;0
13/05/00;0
14/05/00;0
15/05/00;0
16/05/00;6
17/05/00;0
18/05/00;3
19/05/00;16
20/05/00;1
21/05/00;0
22/05/00;67
23/05/00;0
24/05/00;0
25/05/00;4
26/05/00;0
27/05/00;0
28/05/00;11
29/05/00;0
30/05/00;1
31/05/00;0
01/06/00;0
02/06/00;0
03/06/00;3
04/06/00;4
05/06/00;0
06/06/00;0
07/06/00;0
08/06/00;0
09/06/00;0
10/06/00;0
11/06/00;0
12/06/00;0
13/06/00;0
14/06/00;0
15/06/00;0
16/06/00;0
17/06/00;0
18/06/00;2
19/06/00;0
20/06/00;0
21/06/00;2
22/06/00;0
23/06/00;0
24/06/00;0
25/06/00;0
26/06/00;0
27/06/00;0
28/06/00;0
29/06/00;0
30/06/00;0
01/07/00;0
02/07/00;0
03/07/00;0
04/07/00;0
05/07/00;0
06/07/00;0
07/07/00;0
08/07/00;0
09/07/00;0
10/07/00;0
11/07/00;0
12/07/00;0
13/07/00;0
14/07/00;0
15/07/00;0
16/07/00;0
17/07/00;0
18/07/00;0
19/07/00;0
20/07/00;0
21/07/00;0
22/07/00;0
23/07/00;0
24/07/00;0
25/07/00;3
26/07/00;0
27/07/00;0
28/07/00;0
29/07/00;0
30/07/00;0
31/07/00;0
01/08/00;0
02/08/00;0
03/08/00;0
04/08/00;0
05/08/00;0
06/08/00;0
07/08/00;0
08/08/00;0
09/08/00;0
10/08/00;0
11/08/00;0
12/08/00;0
13/08/00;0
14/08/00;0
15/08/00;0
16/08/00;0
17/08/00;0
18/08/00;0
19/08/00;0
20/08/00;0
21/08/00;0
22/08/00;0
23/08/00;0
24/08/00;0
25/08/00;0
26/08/00;0
27/08/00;0
28/08/00;34
29/08/00;0
30/08/00;55
31/08/00;4
01/09/00;0
02/09/00;0
03/09/00;10
04/09/00;0
05/09/00;0
06/09/00;0
07/09/00;0
08/09/00;0
09/09/00;0
10/09/00;0
11/09/00;0
12/09/00;0
13/09/00;0
14/09/00;0
15/09/00;0
16/09/00;0
17/09/00;0
18/09/00;0
19/09/00;0
20/09/00;0
21/09/00;0
22/09/00;0
23/09/00;0
24/09/00;0
25/09/00;0
26/09/00;0
27/09/00;0
28/09/00;0
29/09/00;0
30/09/00;0
01/10/00;0
02/10/00;0
03/10/00;0
04/10/00;0
05/10/00;0
06/10/00;0
07/10/00;0
08/10/00;0
09/10/00;0
10/10/00;0
11/10/00;0
12/10/00;1
13/10/00;12
14/10/00;24
15/10/00;5
16/10/00;10
17/10/00;0
18/10/00;2
19/10/00;37
20/10/00;0
21/10/00;0
22/10/00;0
23/10/00;0
24/10/00;0
25/10/00;0
26/10/00;101
27/10/00;32
28/10/00;11
29/10/00;1
30/10/00;36
31/10/00;90
01/11/00;31
02/11/00;2
03/11/00;5
04/11/00;2
05/11/00;3
06/11/00;0
07/11/00;1
08/11/00;9
09/11/00;17
10/11/00;37
11/11/00;5
12/11/00;29
13/11/00;44
14/11/00;53
15/11/00;110
16/11/00;1
17/11/00;7
18/11/00;45
19/11/00;9
20/11/00;12
21/11/00;16
22/11/00;11
23/11/00;6
24/11/00;0
25/11/00;31
26/11/00;4
27/11/00;14
28/11/00;0
29/11/00;0
30/11/00;2
01/12/00;7
02/12/00;43
03/12/00;0
04/12/00;0
05/12/00;0
06/12/00;0
07/12/00;0
08/12/00;0
09/12/00;0
10/12/00;0
11/12/00;31
12/12/00;22
13/12/00;62
14/12/00;19
15/12/00;0
16/12/00;0
17/12/00;0
18/12/00;22
19/12/00;0
20/12/00;0
21/12/00;0
22/12/00;0
23/12/00;1
24/12/00;0
25/12/00;0
26/12/00;0
27/12/00;0
28/12/00;0
29/12/00;0
30/12/00;0
31/12/00;0
01/01/01;0
02/01/01;0
03/01/01;9
04/01/01;52
05/01/01;76
06/01/01;10
07/01/01;12
08/01/01;23
09/01/01;29
10/01/01;89
11/01/01;5
12/01/01;5
13/01/01;0
14/01/01;0
15/01/01;0
16/01/01;3
17/01/01;16
18/01/01;6
19/01/01;30
20/01/01;36
21/01/01;2
22/01/01;96
23/01/01;1
24/01/01;3
25/01/01;0
26/01/01;23
27/01/01;0
28/01/01;30
29/01/01;42
30/01/01;25
31/01/01;38
01/02/01;23
02/02/01;2
03/02/01;14
04/02/01;26
05/02/01;19
06/02/01;56
07/02/01;18
08/02/01;39
09/02/01;31
10/02/01;53
11/02/01;20
12/02/01;2
13/02/01;2
14/02/01;19
15/02/01;21
16/02/01;0
17/02/01;0
18/02/01;11
19/02/01;4
20/02/01;31
21/02/01;3
22/02/01;0
23/02/01;0
24/02/01;0
25/02/01;0
26/02/01;0
27/02/01;8
28/02/01;45
01/03/01;6
02/03/01;2
03/03/01;17
04/03/01;9
05/03/01;49
06/03/01;11
07/03/01;21
08/03/01;2
09/03/01;3
10/03/01;0
11/03/01;29
12/03/01;53
13/03/01;28
14/03/01;0
15/03/01;0
16/03/01;21
17/03/01;1
18/03/01;7
19/03/01;5
20/03/01;0
21/03/01;0
22/03/01;6
23/03/01;56
24/03/01;11
25/03/01;37
26/03/01;23
27/03/01;6
28/03/01;8
29/03/01;0
30/03/01;0
31/03/01;2
01/04/01;2
02/04/01;20
03/04/01;31
04/04/01;34
05/04/01;7
06/04/01;0
07/04/01;50
08/04/01;4
09/04/01;1
10/04/01;3
11/04/01;1
12/04/01;9
13/04/01;0
14/04/01;7
15/04/01;2
16/04/01;90
17/04/01;54
18/04/01;0
19/04/01;0
20/04/01;0
21/04/01;0
22/04/01;0
23/04/01;0
24/04/01;15
25/04/01;0
26/04/01;0
27/04/01;0
28/04/01;0
29/04/01;0
30/04/01;0
01/05/01;2
02/05/01;22
03/05/01;67
04/05/01;0
05/05/01;0
06/05/01;0
07/05/01;0
08/05/01;0
09/05/01;0
10/05/01;0
11/05/01;12
12/05/01;2
13/05/01;0
14/05/01;0
15/05/01;0
16/05/01;0
17/05/01;0
18/05/01;0
19/05/01;0
20/05/01;0
21/05/01;0
22/05/01;0
23/05/01;0
24/05/01;0
25/05/01;0
26/05/01;0
27/05/01;0
28/05/01;0
29/05/01;0
30/05/01;0
31/05/01;0
01/06/01;9
02/06/01;6
03/06/01;8
04/06/01;3
05/06/01;2
06/06/01;46
07/06/01;1
08/06/01;0
09/06/01;0
10/06/01;0
11/06/01;0
12/06/01;0
13/06/01;0
14/06/01;0
15/06/01;0
16/06/01;0
17/06/01;0
18/06/01;0
19/06/01;0
20/06/01;0
21/06/01;0
22/06/01;0
23/06/01;0
24/06/01;1
25/06/01;0
26/06/01;3
27/06/01;0
28/06/01;0
29/06/01;0
30/06/01;0
01/07/01;0
02/07/01;0
03/07/01;0
04/07/01;0
05/07/01;0
06/07/01;0
07/07/01;0
08/07/01;0
09/07/01;0
10/07/01;0
11/07/01;0
12/07/01;0
13/07/01;0
14/07/01;0
15/07/01;0
16/07/01;0
17/07/01;1
18/07/01;0
19/07/01;0
20/07/01;11
21/07/01;22
22/07/01;22
23/07/01;25
24/07/01;50
25/07/01;1
26/07/01;0
27/07/01;0
28/07/01;0
29/07/01;0
30/07/01;0
31/07/01;0
01/08/01;0
02/08/01;0
03/08/01;0
04/08/01;0
05/08/01;0
06/08/01;0
07/08/01;0
08/08/01;0
09/08/01;0
10/08/01;0
11/08/01;0
12/08/01;0
13/08/01;0
14/08/01;0
15/08/01;0
16/08/01;0
17/08/01;0
18/08/01;0
19/08/01;0
20/08/01;0
21/08/01;0
22/08/01;0
23/08/01;0
24/08/01;0
25/08/01;0
26/08/01;0
27/08/01;0
28/08/01;0
29/08/01;0
30/08/01;0
31/08/01;0
01/09/01;16
02/09/01;0
03/09/01;0
04/09/01;0
05/09/01;26
06/09/01;0
07/09/01;0
08/09/01;0
09/09/01;0
10/09/01;0
11/09/01;0
12/09/01;0
13/09/01;0
14/09/01;0
15/09/01;0
16/09/01;0
17/09/01;0
18/09/01;0
19/09/01;0
20/09/01;0
21/09/01;0
22/09/01;0
23/09/01;0
24/09/01;0
25/09/01;0
26/09/01;0
27/09/01;2
28/09/01;0
29/09/01;32
30/09/01;2
01/10/01;0
02/10/01;0
03/10/01;3
04/10/01;31
05/10/01;35
06/10/01;3
07/10/01;13
08/10/01;37
09/10/01;15
10/10/01;2
11/10/01;0
12/10/01;0
13/10/01;0
14/10/01;0
15/10/01;45
16/10/01;15
17/10/01;39
18/10/01;0
19/10/01;0
20/10/01;29
21/10/01;69
22/10/01;39
23/10/01;24
24/10/01;35
25/10/01;4
26/10/01;19
27/10/01;1
28/10/01;0
29/10/01;0
30/10/01;0
31/10/01;0
01/11/01;0
02/11/01;55
03/11/01;0
04/11/01;1
05/11/01;6
06/11/01;1
07/11/01;4
08/11/01;33
09/11/01;18
10/11/01;1
11/11/01;0
12/11/01;0
13/11/01;0
14/11/01;2
15/11/01;16
16/11/01;35
17/11/01;7
18/11/01;33
19/11/01;15
20/11/01;56
21/11/01;25
22/11/01;0
23/11/01;5
24/11/01;4
25/11/01;5
26/11/01;70
27/11/01;21
28/11/01;1
29/11/01;0
30/11/01;4
01/12/01;8
02/12/01;29
03/12/01;35
04/12/01;19
05/12/01;0
06/12/01;7
07/12/01;6
08/12/01;1
09/12/01;0
10/12/01;0
11/12/01;0
12/12/01;0
13/12/01;0
14/12/01;1
15/12/01;0
16/12/01;39
17/12/01;45
18/12/01;0
19/12/01;7
20/12/01;0
21/12/01;0
22/12/01;0
23/12/01;0
24/12/01;37
25/12/01;0
26/12/01;0
27/12/01;0
28/12/01;0
29/12/01;0
30/12/01;0
31/12/01;0
01/01/02;0
02/01/02;0
03/01/02;12
04/01/02;7
05/01/02;8
06/01/02;13
07/01/02;49
08/01/02;0
09/01/02;0
10/01/02;0
11/01/02;7
12/01/02;3
13/01/02;0
14/01/02;18
15/01/02;34
16/01/02;5
17/01/02;23
18/01/02;39
19/01/02;5
20/01/02;46
21/01/02;16
22/01/02;25
23/01/02;62
24/01/02;58
25/01/02;0
26/01/02;14
27/01/02;31
28/01/02;0
29/01/02;3
30/01/02;32
31/01/02;15
01/02/02;0
02/02/02;0
03/02/02;0
04/02/02;72
05/02/02;6
06/02/02;24
07/02/02;17
08/02/02;0
09/02/02;10
10/02/02;66
11/02/02;13
12/02/02;0
13/02/02;2
14/02/02;22
15/02/02;4
16/02/02;3
17/02/02;22
18/02/02;29
19/02/02;4
20/02/02;50
21/02/02;4
22/02/02;1
23/02/02;1
24/02/02;18
25/02/02;0
26/02/02;5
27/02/02;0
28/02/02;23
01/03/02;1
02/03/02;5
03/03/02;0
04/03/02;0
05/03/02;0
06/03/02;95
07/03/02;35
08/03/02;4
09/03/02;7
10/03/02;6
11/03/02;8
12/03/02;73
13/03/02;3
14/03/02;0
15/03/02;9
16/03/02;8
17/03/02;0
18/03/02;0
19/03/02;3
20/03/02;11
21/03/02;2
22/03/02;0
23/03/02;0
24/03/02;5
25/03/02;35
26/03/02;3
27/03/02;15
28/03/02;46
29/03/02;6
30/03/02;0
31/03/02;16
01/04/02;129
02/04/02;0
03/04/02;65
04/04/02;0
05/04/02;40
06/04/02;2
07/04/02;12
08/04/02;0
09/04/02;0
10/04/02;3
11/04/02;10
12/04/02;40
13/04/02;0
14/04/02;33
15/04/02;0
16/04/02;10
17/04/02;43
18/04/02;52
19/04/02;28
20/04/02;59
21/04/02;2
22/04/02;42
23/04/02;0
24/04/02;33
25/04/02;3
26/04/02;0
27/04/02;0
28/04/02;0
29/04/02;0
30/04/02;0
01/05/02;0
02/05/02;0
03/05/02;0
04/05/02;3
05/05/02;0
06/05/02;0
07/05/02;0
08/05/02;0
09/05/02;9
10/05/02;0
11/05/02;9
12/05/02;2
13/05/02;26
14/05/02;0
15/05/02;0
16/05/02;0
17/05/02;0
18/05/02;0
19/05/02;0
20/05/02;0
21/05/02;0
22/05/02;0
23/05/02;0
24/05/02;0
25/05/02;0
26/05/02;0
27/05/02;0
28/05/02;0
29/05/02;0
30/05/02;0
31/05/02;0
01/06/02;0
02/06/02;10
03/06/02;0
04/06/02;0
05/06/02;0
06/06/02;0
07/06/02;0
08/06/02;0
09/06/02;0
10/06/02;0
11/06/02;0
12/06/02;0
13/06/02;0
14/06/02;0
15/06/02;0
16/06/02;0
17/06/02;0
18/06/02;0
19/06/02;0
20/06/02;0
21/06/02;0
22/06/02;0
23/06/02;0
24/06/02;0
25/06/02;0
26/06/02;0
27/06/02;0
28/06/02;0
29/06/02;0
30/06/02;0
01/07/02;0
02/07/02;0
03/07/02;0
04/07/02;0
05/07/02;0
06/07/02;0
07/07/02;0
08/07/02;0
09/07/02;0
10/07/02;0
11/07/02;0
12/07/02;0
13/07/02;0
14/07/02;0
15/07/02;0
16/07/02;0
17/07/02;0
18/07/02;3
19/07/02;0
20/07/02;0
21/07/02;0
22/07/02;0
23/07/02;0
24/07/02;0
25/07/02;0
26/07/02;0
27/07/02;0
28/07/02;0
29/07/02;0
30/07/02;0
31/07/02;0
01/08/02;0
02/08/02;0
03/08/02;0
04/08/02;0
05/08/02;0
06/08/02;0
07/08/02;0
08/08/02;0
09/08/02;3
10/08/02;0
11/08/02;0
12/08/02;0
13/08/02;0
14/08/02;0
15/08/02;0
16/08/02;0
17/08/02;0
18/08/02;0
19/08/02;0
20/08/02;0
21/08/02;0
22/08/02;0
23/08/02;0
24/08/02;0
25/08/02;0
26/08/02;0
27/08/02;0
28/08/02;0
29/08/02;0
30/08/02;0
31/08/02;0
01/09/02;0
02/09/02;0
03/09/02;0
04/09/02;0
05/09/02;0
06/09/02;0
07/09/02;0
08/09/02;0
09/09/02;0
10/09/02;0
11/09/02;0
12/09/02;0
13/09/02;0
14/09/02;0
15/09/02;0
16/09/02;0
17/09/02;0
18/09/02;0
19/09/02;0
20/09/02;0
21/09/02;0
22/09/02;0
23/09/02;0
24/09/02;0
25/09/02;0
26/09/02;0
27/09/02;0
28/09/02;0
29/09/02;0
30/09/02;0
01/10/02;0
02/10/02;0
03/10/02;0
04/10/02;0
05/10/02;0
06/10/02;0
07/10/02;0
08/10/02;0
09/10/02;0
10/10/02;0
11/10/02;0
12/10/02;0
13/10/02;0
14/10/02;0
15/10/02;0
16/10/02;0
17/10/02;0
18/10/02;0
19/10/02;0
20/10/02;0
21/10/02;0
22/10/02;0
23/10/02;0
24/10/02;0
25/10/02;0
26/10/02;0
27/10/02;0
28/10/02;9
29/10/02;0
30/10/02;0
31/10/02;0
01/11/02;27
02/11/02;16
03/11/02;0
04/11/02;0
05/11/02;4
06/11/02;0
07/11/02;30
08/11/02;0
09/11/02;0
10/11/02;3
11/11/02;11
12/11/02;0
13/11/02;0
14/11/02;2
15/11/02;7
16/11/02;5
17/11/02;12
18/11/02;9
19/11/02;1
20/11/02;3
21/11/02;0
22/11/02;5
23/11/02;11
24/11/02;52
25/11/02;36
26/11/02;0
27/11/02;0
28/11/02;0
29/11/02;0
30/11/02;14
01/12/02;0
02/12/02;57
03/12/02;0
04/12/02;2
05/12/02;24
06/12/02;44
07/12/02;9
08/12/02;4
09/12/02;1
10/12/02;5
11/12/02;19
12/12/02;16
13/12/02;2
14/12/02;22
15/12/02;53
16/12/02;17
17/12/02;1
18/12/02;0
19/12/02;0
20/12/02;0
21/12/02;0
22/12/02;0
23/12/02;5
24/12/02;7
25/12/02;7
26/12/02;24
27/12/02;28
28/12/02;25
29/12/02;15
30/12/02;5
31/12/02;9
01/01/03;51
02/01/03;23
03/01/03;8
04/01/03;106
05/01/03;31
06/01/03;1
07/01/03;0
08/01/03;1
09/01/03;1
10/01/03;4
11/01/03;0
12/01/03;1
13/01/03;16
14/01/03;7
15/01/03;0
16/01/03;5
17/01/03;0
18/01/03;0
19/01/03;0
20/01/03;0
21/01/03;15
22/01/03;73
23/01/03;13
24/01/03;9
25/01/03;7
26/01/03;16
27/01/03;20
28/01/03;2
29/01/03;33
30/01/03;3
31/01/03;30
01/02/03;44
02/02/03;45
03/02/03;2
04/02/03;7
05/02/03;5
06/02/03;0
07/02/03;14
08/02/03;1
09/02/03;19
10/02/03;25
11/02/03;0
12/02/03;72
13/02/03;11
14/02/03;9
15/02/03;25
16/02/03;4
17/02/03;57
18/02/03;50
19/02/03;44
20/02/03;14
21/02/03;25
22/02/03;10
23/02/03;0
24/02/03;3
25/02/03;31
26/02/03;0
27/02/03;32
28/02/03;56
01/03/03;0
02/03/03;0
03/03/03;0
04/03/03;16
05/03/03;55
06/03/03;10
07/03/03;0
08/03/03;14
09/03/03;25
10/03/03;23
11/03/03;0
12/03/03;0
13/03/03;17
14/03/03;33
15/03/03;0
16/03/03;18
17/03/03;24
18/03/03;15
19/03/03;3
20/03/03;23
21/03/03;9
22/03/03;28
23/03/03;5
24/03/03;0
25/03/03;0
26/03/03;0
27/03/03;0
28/03/03;0
29/03/03;3
30/03/03;0
31/03/03;0
01/04/03;2
02/04/03;0
03/04/03;0
04/04/03;0
05/04/03;0
06/04/03;0
07/04/03;0
08/04/03;1
09/04/03;23
10/04/03;18
11/04/03;1
12/04/03;1
13/04/03;0
14/04/03;0
15/04/03;0
16/04/03;0
17/04/03;0
18/04/03;0
19/04/03;0
20/04/03;0
21/04/03;0
22/04/03;0
23/04/03;10
24/04/03;0
25/04/03;0
26/04/03;0
27/04/03;1
28/04/03;0
29/04/03;1
30/04/03;3
01/05/03;8
02/05/03;19
03/05/03;0
04/05/03;0
05/05/03;0
06/05/03;1
07/05/03;0
08/05/03;2
09/05/03;10
10/05/03;14
11/05/03;5
12/05/03;0
13/05/03;0
14/05/03;0
15/05/03;3
16/05/03;15
17/05/03;0
18/05/03;0
19/05/03;0
20/05/03;2
21/05/03;0
22/05/03;0
23/05/03;0
24/05/03;0
25/05/03;5
26/05/03;0
27/05/03;0
28/05/03;0
29/05/03;0
30/05/03;0
31/05/03;0
01/06/03;0
02/06/03;0
03/06/03;0
04/06/03;0
05/06/03;0
06/06/03;0
07/06/03;0
08/06/03;0
09/06/03;0
10/06/03;0
11/06/03;0
12/06/03;0
13/06/03;41
14/06/03;0
15/06/03;0
16/06/03;0
17/06/03;0
18/06/03;0
19/06/03;0
20/06/03;0
21/06/03;3
22/06/03;22
23/06/03;5
24/06/03;0
25/06/03;0
26/06/03;0
27/06/03;0
28/06/03;0
29/06/03;0
30/06/03;0
01/07/03;0
02/07/03;0
03/07/03;0
04/07/03;0
05/07/03;0
06/07/03;0
07/07/03;0
08/07/03;0
09/07/03;0
10/07/03;0
11/07/03;0
12/07/03;0
13/07/03;0
14/07/03;0
15/07/03;0
16/07/03;0
17/07/03;0
18/07/03;0
19/07/03;0
20/07/03;0
21/07/03;0
22/07/03;0
23/07/03;0
24/07/03;0
25/07/03;0
26/07/03;0
27/07/03;0
28/07/03;0
29/07/03;0
30/07/03;0
31/07/03;0
01/08/03;0
02/08/03;0
03/08/03;0
04/08/03;0
05/08/03;0
06/08/03;0
07/08/03;0
08/08/03;0
09/08/03;0
10/08/03;0
11/08/03;0
12/08/03;0
13/08/03;0
14/08/03;0
15/08/03;0
16/08/03;0
17/08/03;0
18/08/03;0
19/08/03;0
20/08/03;0
21/08/03;0
22/08/03;0
23/08/03;0
24/08/03;0
25/08/03;0
26/08/03;0
27/08/03;0
28/08/03;0
29/08/03;0
30/08/03;0
31/08/03;0
01/09/03;0
02/09/03;0
03/09/03;0
04/09/03;0
05/09/03;1
06/09/03;0
07/09/03;0
08/09/03;0
09/09/03;0
10/09/03;0
11/09/03;0
12/09/03;0
13/09/03;0
14/09/03;0
15/09/03;0
16/09/03;1
17/09/03;2
18/09/03;0
19/09/03;0
20/09/03;0
21/09/03;0
22/09/03;0
23/09/03;0
24/09/03;0
25/09/03;0
26/09/03;0
27/09/03;0
28/09/03;0
29/09/03;0
30/09/03;0
01/10/03;0
02/10/03;0
03/10/03;3
04/10/03;18
05/10/03;0
06/10/03;0
07/10/03;4
08/10/03;0
09/10/03;2
10/10/03;0
11/10/03;20
12/10/03;0
13/10/03;0
14/10/03;1
15/10/03;0
16/10/03;0
17/10/03;2
18/10/03;0
19/10/03;11
20/10/03;0
21/10/03;0
22/10/03;0
23/10/03;0
24/10/03;0
25/10/03;0
26/10/03;21
27/10/03;0
28/10/03;8
29/10/03;0
30/10/03;20
31/10/03;17
01/11/03;4
02/11/03;3
03/11/03;0
04/11/03;0
05/11/03;0
06/11/03;0
07/11/03;0
08/11/03;1
09/11/03;0
10/11/03;0
11/11/03;0
12/11/03;0
13/11/03;6
14/11/03;6
15/11/03;0
16/11/03;98
17/11/03;0
18/11/03;21
19/11/03;19
20/11/03;41
21/11/03;1
22/11/03;23
23/11/03;0
24/11/03;5
25/11/03;17
26/11/03;5
27/11/03;5
28/11/03;0
29/11/03;1
30/11/03;0
01/12/03;0
02/12/03;8
03/12/03;4
04/12/03;12
05/12/03;6
06/12/03;7
07/12/03;0
08/12/03;5
09/12/03;13
10/12/03;75
11/12/03;21
12/12/03;0
13/12/03;4
14/12/03;6
15/12/03;0
16/12/03;0
17/12/03;0
18/12/03;13
19/12/03;1
20/12/03;26
21/12/03;21
22/12/03;2
23/12/03;7
24/12/03;13
25/12/03;20
26/12/03;7
27/12/03;0
28/12/03;0
29/12/03;0
30/12/03;29
31/12/03;11
01/01/04;1
02/01/04;2
03/01/04;0
04/01/04;0
05/01/04;29
06/01/04;13
07/01/04;13
08/01/04;3
09/01/04;6
10/01/04;0
11/01/04;9
12/01/04;0
13/01/04;0
14/01/04;25
15/01/04;5
16/01/04;48
17/01/04;30
18/01/04;20
19/01/04;0
20/01/04;19
21/01/04;0
22/01/04;29
23/01/04;37
24/01/04;43
25/01/04;6
26/01/04;81
27/01/04;37
28/01/04;8
29/01/04;5
30/01/04;58
31/01/04;3
01/02/04;127
02/02/04;5
03/02/04;0
04/02/04;63
05/02/04;0
06/02/04;3
07/02/04;4
08/02/04;16
09/02/04;13
10/02/04;0
11/02/04;8
12/02/04;0
13/02/04;0
14/02/04;0
15/02/04;3
16/02/04;5
17/02/04;3
18/02/04;8
19/02/04;1
20/02/04;41
21/02/04;56
22/02/04;1
23/02/04;25
24/02/04;81
25/02/04;0
26/02/04;23
27/02/04;8
28/02/04;0
29/02/04;0
01/03/04;1
02/03/04;0
03/03/04;2
04/03/04;35
05/03/04;30
06/03/04;16
07/03/04;0
08/03/04;29
09/03/04;41
10/03/04;0
11/03/04;0
12/03/04;61
13/03/04;41
14/03/04;16
15/03/04;16
16/03/04;12
17/03/04;2
18/03/04;70
19/03/04;6
20/03/04;0
21/03/04;0
22/03/04;25
23/03/04;2
24/03/04;0
25/03/04;0
26/03/04;0
27/03/04;9
28/03/04;0
29/03/04;0
30/03/04;1
31/03/04;0
01/04/04;0
02/04/04;0
03/04/04;0
04/04/04;8
05/04/04;0
06/04/04;0
07/04/04;8
08/04/04;0
09/04/04;8
10/04/04;15
11/04/04;20
12/04/04;36
13/04/04;6
14/04/04;0
15/04/04;0
16/04/04;0
17/04/04;0
18/04/04;2
19/04/04;0
20/04/04;26
21/04/04;0
22/04/04;2
23/04/04;1
24/04/04;4
25/04/04;0
26/04/04;2
27/04/04;0
28/04/04;16
29/04/04;25
30/04/04;0
01/05/04;0
02/05/04;0
03/05/04;16
04/05/04;12
05/05/04;0
06/05/04;1
07/05/04;6
08/05/04;7
09/05/04;0
10/05/04;0
11/05/04;0
12/05/04;0
13/05/04;0
14/05/04;0
15/05/04;0
16/05/04;0
17/05/04;0
18/05/04;0
19/05/04;38
20/05/04;60
21/05/04;0
22/05/04;0
23/05/04;13
24/05/04;21
25/05/04;0
26/05/04;25
27/05/04;2
28/05/04;44
29/05/04;31
30/05/04;16
31/05/04;0
01/06/04;0
02/06/04;0
03/06/04;0
04/06/04;0
05/06/04;1
06/06/04;0
07/06/04;0
08/06/04;0
09/06/04;0
10/06/04;0
11/06/04;9
12/06/04;0
13/06/04;0
14/06/04;0
15/06/04;0
16/06/04;0
17/06/04;0
18/06/04;0
19/06/04;0
20/06/04;0
21/06/04;0
22/06/04;0
23/06/04;0
24/06/04;0
25/06/04;0
26/06/04;0
27/06/04;0
28/06/04;0
29/06/04;0
30/06/04;0
01/07/04;0
02/07/04;0
03/07/04;0
04/07/04;0
05/07/04;0
06/07/04;0
07/07/04;0
08/07/04;0
09/07/04;0
10/07/04;0
11/07/04;0
12/07/04;22
13/07/04;18
14/07/04;8
15/07/04;0
16/07/04;2
17/07/04;2
18/07/04;0
19/07/04;0
20/07/04;0
21/07/04;0
22/07/04;0
23/07/04;0
24/07/04;0
25/07/04;0
26/07/04;0
27/07/04;0
28/07/04;0
29/07/04;0
30/07/04;0
31/07/04;0
01/08/04;0
02/08/04;0
03/08/04;0
04/08/04;0
05/08/04;0
06/08/04;0
07/08/04;0
08/08/04;0
09/08/04;0
10/08/04;0
11/08/04;0
12/08/04;0
13/08/04;0
14/08/04;0
15/08/04;0
16/08/04;0
17/08/04;0
18/08/04;0
19/08/04;0
20/08/04;0
21/08/04;0
22/08/04;0
23/08/04;0
24/08/04;0
25/08/04;0
26/08/04;0
27/08/04;0
28/08/04;0
29/08/04;0
30/08/04;0
31/08/04;0
01/09/04;0
02/09/04;0
03/09/04;0
04/09/04;0
05/09/04;0
06/09/04;0
07/09/04;0
08/09/04;0
09/09/04;0
10/09/04;0
11/09/04;0
12/09/04;0
13/09/04;0
14/09/04;0
15/09/04;0
16/09/04;6
17/09/04;0
18/09/04;3
19/09/04;0
20/09/04;0
21/09/04;0
22/09/04;0
23/09/04;0
24/09/04;0
25/09/04;0
26/09/04;5
27/09/04;0
28/09/04;0
29/09/04;0
30/09/04;0
01/10/04;0
02/10/04;0
03/10/04;0
04/10/04;0
05/10/04;0
06/10/04;0
07/10/04;0
08/10/04;0
09/10/04;0
10/10/04;0
11/10/04;0
12/10/04;0
13/10/04;0
14/10/04;0
15/10/04;0
16/10/04;0
17/10/04;0
18/10/04;0
19/10/04;0
20/10/04;2
21/10/04;1
22/10/04;0
23/10/04;0
24/10/04;0
25/10/04;0
26/10/04;0
27/10/04;0
28/10/04;0
29/10/04;0
30/10/04;4
31/10/04;0
01/11/04;0
02/11/04;0
03/11/04;0
04/11/04;0
05/11/04;0
06/11/04;1
07/11/04;0
08/11/04;3
09/11/04;0
10/11/04;5
11/11/04;0
12/11/04;16
13/11/04;0
14/11/04;0
15/11/04;0
16/11/04;0
17/11/04;0
18/11/04;1
19/11/04;0
20/11/04;5
21/11/04;0
22/11/04;17
23/11/04;33
24/11/04;12
25/11/04;47
26/11/04;53
27/11/04;28
28/11/04;16
29/11/04;28
30/11/04;124
01/12/04;34
02/12/04;35
03/12/04;123
04/12/04;27
05/12/04;0
06/12/04;0
07/12/04;51
08/12/04;0
09/12/04;0
10/12/04;0
11/12/04;0
12/12/04;4
13/12/04;1
14/12/04;9
15/12/04;17
16/12/04;0
17/12/04;0
18/12/04;0
19/12/04;48
20/12/04;1
21/12/04;3
22/12/04;4
23/12/04;4
24/12/04;31
25/12/04;3
26/12/04;33
27/12/04;0
28/12/04;101
29/12/04;9
30/12/04;40
31/12/04;0
01/01/05;1
02/01/05;0
03/01/05;0
04/01/05;0
05/01/05;0
06/01/05;0
07/01/05;171
08/01/05;11
09/01/05;0
10/01/05;0
11/01/05;0
12/01/05;0
13/01/05;0
14/01/05;46
15/01/05;0
16/01/05;4
17/01/05;19
18/01/05;11
19/01/05;24
20/01/05;7
21/01/05;0
22/01/05;115
23/01/05;3
24/01/05;0
25/01/05;0
26/01/05;9
27/01/05;56
28/01/05;66
29/01/05;69
30/01/05;0
31/01/05;23
01/02/05;66
02/02/05;0
03/02/05;0
04/02/05;9
05/02/05;0
06/02/05;0
07/02/05;0
08/02/05;2
09/02/05;3
10/02/05;0
11/02/05;99
12/02/05;19
13/02/05;40
14/02/05;43
15/02/05;10
16/02/05;32
17/02/05;4
18/02/05;24
19/02/05;0
20/02/05;2
21/02/05;13
22/02/05;4
23/02/05;0
24/02/05;0
25/02/05;28
26/02/05;24
27/02/05;42
28/02/05;8
01/03/05;0
02/03/05;1
03/03/05;53
04/03/05;63
05/03/05;49
06/03/05;12
07/03/05;51
08/03/05;3
09/03/05;7
10/03/05;0
11/03/05;12
12/03/05;1
13/03/05;1
14/03/05;87
15/03/05;0
16/03/05;0
17/03/05;13
18/03/05;48
19/03/05;0
20/03/05;0
21/03/05;0
22/03/05;5
23/03/05;32
24/03/05;4
25/03/05;5
26/03/05;6
27/03/05;0
28/03/05;18
29/03/05;5
30/03/05;15
31/03/05;15
01/04/05;1
02/04/05;32
03/04/05;26
04/04/05;9
05/04/05;76
06/04/05;5
07/04/05;1
08/04/05;0
09/04/05;0
10/04/05;0
11/04/05;0
12/04/05;0
13/04/05;0
14/04/05;24
15/04/05;51
16/04/05;0
17/04/05;0
18/04/05;14
19/04/05;3
20/04/05;0
21/04/05;6
22/04/05;1
23/04/05;0
24/04/05;0
25/04/05;2
26/04/05;0
27/04/05;0
28/04/05;0
29/04/05;0
30/04/05;47
01/05/05;0
02/05/05;0
03/05/05;0
04/05/05;0
05/05/05;4
06/05/05;4
07/05/05;20
08/05/05;0
09/05/05;0
10/05/05;0
11/05/05;0
12/05/05;0
13/05/05;0
14/05/05;0
15/05/05;0
16/05/05;0
17/05/05;0
18/05/05;0
19/05/05;0
20/05/05;0
21/05/05;0
22/05/05;0
23/05/05;5
24/05/05;0
25/05/05;13
26/05/05;0
27/05/05;0
28/05/05;0
29/05/05;0
30/05/05;2
31/05/05;0
01/06/05;0
02/06/05;0
03/06/05;0
04/06/05;0
05/06/05;0
06/06/05;1
07/06/05;0
08/06/05;0
09/06/05;26
10/06/05;0
11/06/05;0
12/06/05;0
13/06/05;0
14/06/05;7
15/06/05;10
16/06/05;0
17/06/05;2
18/06/05;0
19/06/05;0
20/06/05;0
21/06/05;5
22/06/05;44
23/06/05;10
24/06/05;0
25/06/05;17
26/06/05;0
27/06/05;0
28/06/05;0
29/06/05;22
30/06/05;2
01/07/05;0
02/07/05;0
03/07/05;0
04/07/05;0
05/07/05;5
06/07/05;26
07/07/05;39
08/07/05;12
09/07/05;33
10/07/05;0
11/07/05;0
12/07/05;10
13/07/05;0
14/07/05;0
15/07/05;0
16/07/05;0
17/07/05;4
18/07/05;0
19/07/05;0
20/07/05;0
21/07/05;0
22/07/05;0
23/07/05;0
24/07/05;0
25/07/05;0
26/07/05;0
27/07/05;0
28/07/05;0
29/07/05;0
30/07/05;0
31/07/05;0
01/08/05;0
02/08/05;0
03/08/05;6
04/08/05;0
05/08/05;0
06/08/05;0
07/08/05;0
08/08/05;0
09/08/05;0
10/08/05;0
11/08/05;0
12/08/05;0
13/08/05;0
14/08/05;0
15/08/05;0
16/08/05;0
17/08/05;0
18/08/05;3
19/08/05;0
20/08/05;0
21/08/05;0
22/08/05;0
23/08/05;0
24/08/05;0
25/08/05;0
26/08/05;0
27/08/05;0
28/08/05;0
29/08/05;0
30/08/05;0
31/08/05;0
01/09/05;0
02/09/05;0
03/09/05;0
04/09/05;0
05/09/05;0
06/09/05;0
07/09/05;0
08/09/05;24
09/09/05;0
10/09/05;0
11/09/05;0
12/09/05;0
13/09/05;0
14/09/05;0
15/09/05;0
16/09/05;0
17/09/05;0
18/09/05;0
19/09/05;0
20/09/05;13
21/09/05;22
22/09/05;13
23/09/05;0
24/09/05;0
25/09/05;0
26/09/05;0
27/09/05;3
28/09/05;0
29/09/05;19
30/09/05;35
01/10/05;0
02/10/05;0
03/10/05;0
04/10/05;0
05/10/05;0
06/10/05;0
07/10/05;0
08/10/05;0
09/10/05;0
10/10/05;0
11/10/05;0
12/10/05;25
13/10/05;9
14/10/05;0
15/10/05;0
16/10/05;0
17/10/05;11
18/10/05;14
19/10/05;46
20/10/05;1
21/10/05;0
22/10/05;0
23/10/05;0
24/10/05;0
25/10/05;2
26/10/05;37
27/10/05;22
28/10/05;0
29/10/05;0
30/10/05;0
31/10/05;1
01/11/05;0
02/11/05;2
03/11/05;71
04/11/05;0
05/11/05;1
06/11/05;0
07/11/05;0
08/11/05;0
09/11/05;0
10/11/05;0
11/11/05;0
12/11/05;0
13/11/05;0
14/11/05;0
15/11/05;0
16/11/05;0
17/11/05;0
18/11/05;5
19/11/05;5
20/11/05;1
21/11/05;4
22/11/05;0
23/11/05;0
24/11/05;0
25/11/05;2
26/11/05;3
27/11/05;17
28/11/05;17
29/11/05;0
30/11/05;22
01/12/05;19
02/12/05;0
03/12/05;4
04/12/05;102
05/12/05;23
06/12/05;0
07/12/05;22
08/12/05;3
09/12/05;3
10/12/05;2
11/12/05;35
12/12/05;1
13/12/05;17
14/12/05;36
15/12/05;2
16/12/05;22
17/12/05;36
18/12/05;19
19/12/05;3
20/12/05;31
21/12/05;79
22/12/05;22
23/12/05;2
24/12/05;5
25/12/05;0
26/12/05;4
27/12/05;38
28/12/05;39
29/12/05;45
30/12/05;30
31/12/05;53
01/01/06;62
02/01/06;9
03/01/06;38
04/01/06;37
05/01/06;36
06/01/06;0
07/01/06;0
08/01/06;0
09/01/06;3
10/01/06;71
11/01/06;4
12/01/06;6
13/01/06;22
14/01/06;36
15/01/06;46
16/01/06;15
17/01/06;26
18/01/06;39
19/01/06;4
20/01/06;24
21/01/06;0
22/01/06;3
23/01/06;41
24/01/06;21
25/01/06;55
26/01/06;2
27/01/06;1
28/01/06;15
29/01/06;2
30/01/06;3
31/01/06;15
01/02/06;17
02/02/06;3
03/02/06;0
04/02/06;20
05/02/06;31
06/02/06;2
07/02/06;0
08/02/06;0
09/02/06;11
10/02/06;0
11/02/06;35
12/02/06;71
13/02/06;0
14/02/06;0
15/02/06;6
16/02/06;0
17/02/06;22
18/02/06;25
19/02/06;18
20/02/06;11
21/02/06;49
22/02/06;30
23/02/06;2
24/02/06;0
25/02/06;0
26/02/06;0
27/02/06;75
28/02/06;0
01/03/06;2
02/03/06;4
03/03/06;8
04/03/06;0
05/03/06;0
06/03/06;16
07/03/06;6
08/03/06;1
09/03/06;0
10/03/06;0
11/03/06;0
12/03/06;0
13/03/06;0
14/03/06;25
15/03/06;4
16/03/06;9
17/03/06;5
18/03/06;0
19/03/06;1
20/03/06;10
21/03/06;14
22/03/06;9
23/03/06;10
24/03/06;2
25/03/06;0
26/03/06;2
27/03/06;0
28/03/06;1
29/03/06;1
30/03/06;1
31/03/06;0
01/04/06;34
02/04/06;2
03/04/06;0
04/04/06;0
05/04/06;26
06/04/06;6
07/04/06;1
08/04/06;0
09/04/06;16
10/04/06;31
11/04/06;29
12/04/06;1
13/04/06;35
14/04/06;6
15/04/06;1
16/04/06;0
17/04/06;27
18/04/06;34
19/04/06;1
20/04/06;21
21/04/06;5
22/04/06;1
23/04/06;38
24/04/06;36
25/04/06;0
26/04/06;0
27/04/06;0
28/04/06;0
29/04/06;2
30/04/06;1
01/05/06;11
02/05/06;0
03/05/06;12
04/05/06;9
05/05/06;6
06/05/06;25
07/05/06;9
08/05/06;4
09/05/06;7
10/05/06;7
11/05/06;35
12/05/06;0
13/05/06;0
14/05/06;0
15/05/06;0
16/05/06;0
17/05/06;0
18/05/06;0
19/05/06;0
20/05/06;21
21/05/06;75
22/05/06;60
23/05/06;10
24/05/06;38
25/05/06;0
26/05/06;0
27/05/06;31
28/05/06;0
29/05/06;0
30/05/06;0
31/05/06;0
01/06/06;0
02/06/06;0
03/06/06;7
04/06/06;0
05/06/06;0
06/06/06;0
07/06/06;0
08/06/06;0
09/06/06;0
10/06/06;0
11/06/06;0
12/06/06;15
13/06/06;0
14/06/06;0
15/06/06;0
16/06/06;0
17/06/06;0
18/06/06;0
19/06/06;0
20/06/06;0
21/06/06;0
22/06/06;0
23/06/06;2
24/06/06;0
25/06/06;0
26/06/06;0
27/06/06;0
28/06/06;0
29/06/06;0
30/06/06;0
01/07/06;0
02/07/06;0
03/07/06;0
04/07/06;0
05/07/06;0
06/07/06;0
07/07/06;0
08/07/06;0
09/07/06;0
10/07/06;0
11/07/06;0
12/07/06;0
13/07/06;0
14/07/06;0
15/07/06;0
16/07/06;0
17/07/06;0
18/07/06;0
19/07/06;0
20/07/06;0
21/07/06;0
22/07/06;0
23/07/06;0
24/07/06;0
25/07/06;0
26/07/06;0
27/07/06;0
28/07/06;0
29/07/06;1
30/07/06;0
31/07/06;0
01/08/06;0
02/08/06;0
03/08/06;0
04/08/06;0
05/08/06;0
06/08/06;0
07/08/06;0
08/08/06;0
09/08/06;0
10/08/06;0
11/08/06;0
12/08/06;0
13/08/06;0
14/08/06;0
15/08/06;0
16/08/06;0
17/08/06;0
18/08/06;0
19/08/06;0
20/08/06;0
21/08/06;0
22/08/06;0
23/08/06;0
24/08/06;0
25/08/06;0
26/08/06;0
27/08/06;0
28/08/06;0
29/08/06;0
30/08/06;0
31/08/06;0
01/09/06;0
02/09/06;0
03/09/06;0
04/09/06;0
05/09/06;0
06/09/06;0
07/09/06;0
08/09/06;0
09/09/06;0
10/09/06;0
11/09/06;7
12/09/06;0
13/09/06;0
14/09/06;0
15/09/06;0
16/09/06;0
17/09/06;0
18/09/06;0
19/09/06;0
20/09/06;0
21/09/06;0
22/09/06;0
23/09/06;0
24/09/06;0
25/09/06;0
26/09/06;0
27/09/06;0
28/09/06;0
29/09/06;0
30/09/06;0
01/10/06;0
02/10/06;0
03/10/06;0
04/10/06;0
05/10/06;0
06/10/06;0
07/10/06;0
08/10/06;0
09/10/06;0
10/10/06;0
11/10/06;0
12/10/06;0
13/10/06;0
14/10/06;0
15/10/06;0
16/10/06;0
17/10/06;0
18/10/06;0
19/10/06;0
20/10/06;0
21/10/06;0
22/10/06;0
23/10/06;0
24/10/06;0
25/10/06;0
26/10/06;0
27/10/06;0
28/10/06;0
29/10/06;0
30/10/06;0
31/10/06;0
01/11/06;0
02/11/06;0
03/11/06;0
04/11/06;0
05/11/06;0
06/11/06;1
07/11/06;3
08/11/06;0
09/11/06;23
10/11/06;0
11/11/06;0
12/11/06;0
13/11/06;0
14/11/06;0
15/11/06;0
16/11/06;0
17/11/06;0
18/11/06;0
19/11/06;0
20/11/06;0
21/11/06;0
22/11/06;0
23/11/06;5
24/11/06;0
25/11/06;1
26/11/06;8
27/11/06;0
28/11/06;0
29/11/06;0
30/11/06;0
01/12/06;0
02/12/06;9
03/12/06;0
04/12/06;1
05/12/06;21
06/12/06;83
07/12/06;6
08/12/06;24
09/12/06;17
10/12/06;0
11/12/06;0
12/12/06;0
13/12/06;1
14/12/06;56
15/12/06;5
16/12/06;3
17/12/06;0
18/12/06;2
19/12/06;6
20/12/06;47
21/12/06;18
22/12/06;28
23/12/06;2
24/12/06;29
25/12/06;1
26/12/06;20
27/12/06;34
28/12/06;4
29/12/06;25
30/12/06;89
31/12/06;29
01/01/07;23
02/01/07;29
03/01/07;0
04/01/07;0
05/01/07;0
06/01/07;0
07/01/07;0
08/01/07;0
09/01/07;0
10/01/07;0
11/01/07;0
12/01/07;0
13/01/07;0
14/01/07;0
15/01/07;7
16/01/07;0
17/01/07;0
18/01/07;2
19/01/07;4
20/01/07;0
21/01/07;25
22/01/07;3
23/01/07;3
24/01/07;20
25/01/07;0
26/01/07;0
27/01/07;0
28/01/07;14
29/01/07;34
30/01/07;42
31/01/07;8
01/02/07;51
02/02/07;26
03/02/07;10
04/02/07;78
05/02/07;72
06/02/07;10
07/02/07;13
08/02/07;3
09/02/07;16
10/02/07;14
11/02/07;5
12/02/07;25
13/02/07;0
14/02/07;0
15/02/07;0
16/02/07;87
17/02/07;16
18/02/07;0
19/02/07;0
20/02/07;31
21/02/07;24
22/02/07;3
23/02/07;56
24/02/07;0
25/02/07;28
26/02/07;35
27/02/07;45
28/02/07;50
01/03/07;0
02/03/07;2
03/03/07;9
04/03/07;6
05/03/07;9
06/03/07;12
07/03/07;50
08/03/07;6
09/03/07;56
10/03/07;0
11/03/07;0
12/03/07;0
13/03/07;0
14/03/07;38
15/03/07;3
16/03/07;12
17/03/07;4
18/03/07;0
19/03/07;2
20/03/07;1
21/03/07;106
22/03/07;17
23/03/07;39
24/03/07;3
25/03/07;10
26/03/07;17
27/03/07;4
28/03/07;0
29/03/07;7
30/03/07;37
31/03/07;1
01/04/07;16
02/04/07;41
03/04/07;3
04/04/07;4
05/04/07;12
06/04/07;6
07/04/07;1
08/04/07;0
09/04/07;11
10/04/07;0
11/04/07;47
12/04/07;61
13/04/07;36
14/04/07;5
15/04/07;6
16/04/07;13
17/04/07;8
18/04/07;3
19/04/07;27
20/04/07;90
21/04/07;15
22/04/07;0
23/04/07;1
24/04/07;0
25/04/07;0
26/04/07;25
27/04/07;3
28/04/07;0
29/04/07;0
30/04/07;0
01/05/07;0
02/05/07;10
03/05/07;0
04/05/07;0
05/05/07;0
06/05/07;0
07/05/07;0
08/05/07;0
09/05/07;0
10/05/07;0
11/05/07;2
12/05/07;0
13/05/07;0
14/05/07;0
15/05/07;2
16/05/07;12
17/05/07;0
18/05/07;3
19/05/07;9
20/05/07;15
21/05/07;0
22/05/07;5
23/05/07;0
24/05/07;0
25/05/07;0
26/05/07;0
27/05/07;0
28/05/07;0
29/05/07;0
30/05/07;17
31/05/07;8
01/06/07;8
02/06/07;11
03/06/07;1
04/06/07;1
05/06/07;7
06/06/07;0
07/06/07;0
08/06/07;0
09/06/07;0
10/06/07;0
11/06/07;0
12/06/07;0
13/06/07;0
14/06/07;0
15/06/07;0
16/06/07;0
17/06/07;0
18/06/07;0
19/06/07;0
20/06/07;0
21/06/07;2
22/06/07;0
23/06/07;0
24/06/07;0
25/06/07;0
26/06/07;0
27/06/07;2
28/06/07;41
29/06/07;0
30/06/07;0
01/07/07;1
02/07/07;0
03/07/07;0
04/07/07;0
05/07/07;0
06/07/07;0
07/07/07;2
08/07/07;0
09/07/07;0
10/07/07;0
11/07/07;0
12/07/07;0
13/07/07;0
14/07/07;1
15/07/07;0
16/07/07;0
17/07/07;8
18/07/07;0
19/07/07;0
20/07/07;0
21/07/07;0
22/07/07;0
23/07/07;0
24/07/07;0
25/07/07;0
26/07/07;0
27/07/07;0
28/07/07;0
29/07/07;0
30/07/07;0
31/07/07;0
01/08/07;0
02/08/07;0
03/08/07;0
04/08/07;0
05/08/07;0
06/08/07;0
07/08/07;0
08/08/07;0
09/08/07;0
10/08/07;0
11/08/07;0
12/08/07;0
13/08/07;0
14/08/07;0
15/08/07;0
16/08/07;0
17/08/07;0
18/08/07;0
19/08/07;0
20/08/07;45
21/08/07;0
22/08/07;0
23/08/07;0
24/08/07;0
25/08/07;0
26/08/07;0
27/08/07;0
28/08/07;0
29/08/07;0
30/08/07;0
31/08/07;0
01/09/07;0
02/09/07;0
03/09/07;0
04/09/07;0
05/09/07;0
06/09/07;0
07/09/07;0
08/09/07;0
09/09/07;0
10/09/07;0
11/09/07;0
12/09/07;0
13/09/07;0
14/09/07;0
15/09/07;0
16/09/07;0
17/09/07;0
18/09/07;0
19/09/07;0
20/09/07;0
21/09/07;0
22/09/07;0
23/09/07;0
24/09/07;0
25/09/07;0
26/09/07;0
27/09/07;0
28/09/07;0
29/09/07;0
30/09/07;0
01/10/07;0
02/10/07;0
03/10/07;0
04/10/07;0
05/10/07;0
06/10/07;0
07/10/07;0
08/10/07;0
09/10/07;0
10/10/07;33
11/10/07;0
12/10/07;0
13/10/07;0
14/10/07;0
15/10/07;0
16/10/07;0
17/10/07;0
18/10/07;0
19/10/07;0
20/10/07;14
21/10/07;0
22/10/07;3
23/10/07;0
24/10/07;6
25/10/07;1
26/10/07;0
27/10/07;0
28/10/07;0
29/10/07;0
30/10/07;10
31/10/07;0
01/11/07;10
02/11/07;34
03/11/07;4
04/11/07;14
05/11/07;1
06/11/07;5
07/11/07;10
08/11/07;6
09/11/07;0
10/11/07;0
11/11/07;11
12/11/07;10
13/11/07;2
14/11/07;4
15/11/07;0
16/11/07;0
17/11/07;1
18/11/07;0
19/11/07;0
20/11/07;0
21/11/07;0
22/11/07;0
23/11/07;0
24/11/07;0
25/11/07;0
26/11/07;0
27/11/07;0
28/11/07;0
29/11/07;4
30/11/07;0
01/12/07;0
02/12/07;8
03/12/07;17
04/12/07;55
05/12/07;51
06/12/07;2
07/12/07;0
08/12/07;26
09/12/07;0
10/12/07;24
11/12/07;1
12/12/07;21
13/12/07;5
14/12/07;12
15/12/07;0
16/12/07;0
17/12/07;6
18/12/07;32
19/12/07;0
20/12/07;55
21/12/07;27
22/12/07;60
23/12/07;0
24/12/07;0
25/12/07;3
26/12/07;194
27/12/07;1
28/12/07;56
29/12/07;44
30/12/07;23
31/12/07;54
01/01/08;5
02/01/08;3
03/01/08;32
04/01/08;26
05/01/08;39
06/01/08;9
07/01/08;2
08/01/08;2
09/01/08;0
10/01/08;10
11/01/08;0
12/01/08;0
13/01/08;0
14/01/08;9
15/01/08;30
16/01/08;65
17/01/08;0
18/01/08;21
19/01/08;33
20/01/08;1
21/01/08;35
22/01/08;0
23/01/08;4
24/01/08;0
25/01/08;0
26/01/08;0
27/01/08;0
28/01/08;36
29/01/08;101
30/01/08;10
31/01/08;57
01/02/08;0
02/02/08;7
03/02/08;85
04/02/08;3
05/02/08;26
06/02/08;0
07/02/08;0
08/02/08;0
09/02/08;20
10/02/08;8
11/02/08;19
12/02/08;1
13/02/08;0
14/02/08;0
15/02/08;19
16/02/08;4
17/02/08;0
18/02/08;3
19/02/08;25
20/02/08;2
21/02/08;4
22/02/08;1
23/02/08;30
24/02/08;10
25/02/08;1
26/02/08;31
27/02/08;3
28/02/08;10
29/02/08;11
01/03/08;0
02/03/08;0
03/03/08;3
04/03/08;0
05/03/08;4
06/03/08;43
07/03/08;24
08/03/08;0
09/03/08;63
10/03/08;0
11/03/08;0
12/03/08;5
13/03/08;7
14/03/08;0
15/03/08;0
16/03/08;3
17/03/08;0
18/03/08;9
19/03/08;5
20/03/08;37
21/03/08;11
22/03/08;0
23/03/08;0
24/03/08;0
25/03/08;19
26/03/08;0
27/03/08;0
28/03/08;0
29/03/08;0
30/03/08;14
31/03/08;0
01/04/08;0
02/04/08;0
03/04/08;0
04/04/08;0
05/04/08;0
06/04/08;0
07/04/08;0
08/04/08;0
09/04/08;0
10/04/08;0
11/04/08;0
12/04/08;0
13/04/08;0
14/04/08;0
15/04/08;0
16/04/08;0
17/04/08;0
18/04/08;0
19/04/08;0
20/04/08;0
21/04/08;0
22/04/08;0
23/04/08;0
24/04/08;0
25/04/08;0
26/04/08;0
27/04/08;0
28/04/08;0
29/04/08;0
30/04/08;0
01/05/08;5
02/05/08;3
03/05/08;53
04/05/08;0
05/05/08;9
06/05/08;36
07/05/08;44
08/05/08;0
09/05/08;0
10/05/08;0
11/05/08;0
12/05/08;0
13/05/08;0
14/05/08;0
15/05/08;0
16/05/08;2
17/05/08;0
18/05/08;1
19/05/08;0
20/05/08;2
21/05/08;0
22/05/08;0
23/05/08;0
24/05/08;0
25/05/08;0
26/05/08;0
27/05/08;0
28/05/08;0
29/05/08;0
30/05/08;0
31/05/08;0
01/06/08;2
02/06/08;2
03/06/08;0
04/06/08;0
05/06/08;0
06/06/08;0
07/06/08;0
08/06/08;0
09/06/08;0
10/06/08;0
11/06/08;0
12/06/08;0
13/06/08;2
14/06/08;0
15/06/08;2
16/06/08;7
17/06/08;0
18/06/08;0
19/06/08;0
20/06/08;0
21/06/08;0
22/06/08;0
23/06/08;0
24/06/08;0
25/06/08;0
26/06/08;0
27/06/08;0
28/06/08;0
29/06/08;0
30/06/08;0
01/07/08;0
02/07/08;0
03/07/08;0
04/07/08;0
05/07/08;0
06/07/08;0
07/07/08;0
08/07/08;0
09/07/08;0
10/07/08;0
11/07/08;0
12/07/08;0
13/07/08;0
14/07/08;0
15/07/08;0
16/07/08;0
17/07/08;0
18/07/08;0
19/07/08;0
20/07/08;0
21/07/08;0
22/07/08;0
23/07/08;0
24/07/08;0
25/07/08;0
26/07/08;0
27/07/08;0
28/07/08;0
29/07/08;0
30/07/08;0
31/07/08;0
01/08/08;0
02/08/08;0
03/08/08;0
04/08/08;0
05/08/08;0
06/08/08;0
07/08/08;0
08/08/08;0
09/08/08;0
10/08/08;0
11/08/08;0
12/08/08;0
13/08/08;0
14/08/08;10
15/08/08;6
16/08/08;0
17/08/08;0
18/08/08;0
19/08/08;0
20/08/08;0
21/08/08;0
22/08/08;0
23/08/08;0
24/08/08;0
25/08/08;0
26/08/08;0
27/08/08;0
28/08/08;0
29/08/08;0
30/08/08;0
31/08/08;0
01/09/08;0
02/09/08;0
03/09/08;0
04/09/08;0
05/09/08;0
06/09/08;0
07/09/08;0
08/09/08;0
09/09/08;4
10/09/08;0
11/09/08;0
12/09/08;0
13/09/08;0
14/09/08;0
15/09/08;0
16/09/08;0
17/09/08;0
18/09/08;0
19/09/08;0
20/09/08;0
21/09/08;0
22/09/08;0
23/09/08;0
24/09/08;0
25/09/08;0
26/09/08;0
27/09/08;0
28/09/08;32
29/09/08;0
30/09/08;0
01/10/08;0
02/10/08;0
03/10/08;0
04/10/08;0
05/10/08;0
06/10/08;0
07/10/08;0
08/10/08;26
09/10/08;12
10/10/08;7
11/10/08;0
12/10/08;0
13/10/08;4
14/10/08;7
15/10/08;0
16/10/08;0
17/10/08;0
18/10/08;4
19/10/08;0
20/10/08;0
21/10/08;0
22/10/08;6
23/10/08;4
24/10/08;1
25/10/08;0
26/10/08;0
27/10/08;15
28/10/08;0
29/10/08;65
30/10/08;11
31/10/08;7
01/11/08;10
02/11/08;74
03/11/08;12
04/11/08;13
05/11/08;14
06/11/08;23
07/11/08;13
08/11/08;7
09/11/08;107
10/11/08;10
11/11/08;5
12/11/08;0
13/11/08;0
14/11/08;20
15/11/08;27
16/11/08;0
17/11/08;63
18/11/08;21
19/11/08;11
20/11/08;35
21/11/08;0
22/11/08;0
23/11/08;0
24/11/08;5
25/11/08;35
26/11/08;4
27/11/08;3
28/11/08;4
29/11/08;0
30/11/08;0
01/12/08;0
02/12/08;0
03/12/08;0
04/12/08;0
05/12/08;0
06/12/08;21
07/12/08;0
08/12/08;28
09/12/08;11
10/12/08;15
11/12/08;0
12/12/08;0
13/12/08;4
14/12/08;0
15/12/08;36
16/12/08;2
17/12/08;10
18/12/08;14
19/12/08;2
20/12/08;5
21/12/08;0
22/12/08;24
23/12/08;0
24/12/08;11
25/12/08;1
26/12/08;0
27/12/08;0
28/12/08;36
29/12/08;0
30/12/08;9
31/12/08;4
01/01/09;23
02/01/09;21
03/01/09;7
04/01/09;0
05/01/09;12
06/01/09;0
07/01/09;34
08/01/09;0
09/01/09;35
10/01/09;31
11/01/09;14
12/01/09;32
13/01/09;22
14/01/09;13
15/01/09;7
16/01/09;15
17/01/09;7
18/01/09;6
19/01/09;33
20/01/09;23
21/01/09;42
22/01/09;0
23/01/09;0
24/01/09;6
25/01/09;25
26/01/09;17
27/01/09;28
28/01/09;27
29/01/09;72
30/01/09;49
31/01/09;121
01/02/09;6
02/02/09;36
03/02/09;32
04/02/09;7
05/02/09;6
06/02/09;18
07/02/09;26
08/02/09;0
09/02/09;9
10/02/09;25
11/02/09;4
12/02/09;57
13/02/09;14
14/02/09;29
15/02/09;0
16/02/09;1
17/02/09;13
18/02/09;23
19/02/09;0
20/02/09;0
21/02/09;4
22/02/09;34
23/02/09;76
24/02/09;49
25/02/09;116
26/02/09;21
27/02/09;42
28/02/09;0
01/03/09;0
02/03/09;0
03/03/09;16
04/03/09;4
05/03/09;18
06/03/09;0
07/03/09;60
08/03/09;0
09/03/09;35
10/03/09;3
11/03/09;15
12/03/09;0
13/03/09;3
14/03/09;2
15/03/09;0
16/03/09;0
17/03/09;0
18/03/09;0
19/03/09;0
20/03/09;0
21/03/09;0
22/03/09;29
23/03/09;5
24/03/09;38
25/03/09;1
26/03/09;42
27/03/09;0
28/03/09;0
29/03/09;9
30/03/09;16
31/03/09;0
01/04/09;0
02/04/09;10
03/04/09;8
04/04/09;5
05/04/09;12
06/04/09;8
07/04/09;11
08/04/09;0
09/04/09;0
10/04/09;0
11/04/09;0
12/04/09;0
13/04/09;0
14/04/09;0
15/04/09;0
16/04/09;0
17/04/09;11
18/04/09;22
19/04/09;2
20/04/09;8
21/04/09;44
22/04/09;11
23/04/09;0
24/04/09;1
25/04/09;38
26/04/09;11
27/04/09;0
28/04/09;1
29/04/09;0
30/04/09;0
01/05/09;0
02/05/09;0
03/05/09;0
04/05/09;0
05/05/09;1
06/05/09;9
07/05/09;0
08/05/09;2
09/05/09;34
10/05/09;29
11/05/09;9
12/05/09;4
13/05/09;0
14/05/09;0
15/05/09;0
16/05/09;0
17/05/09;0
18/05/09;38
19/05/09;67
20/05/09;19
21/05/09;5
22/05/09;18
23/05/09;6
24/05/09;0
25/05/09;3
26/05/09;9
27/05/09;59
28/05/09;19
29/05/09;0
30/05/09;19
31/05/09;0
01/06/09;0
02/06/09;0
03/06/09;3
04/06/09;1
05/06/09;5
06/06/09;41
07/06/09;0
08/06/09;0
09/06/09;20
10/06/09;14
11/06/09;0
12/06/09;2
13/06/09;4
14/06/09;29
15/06/09;0
16/06/09;0
17/06/09;0
18/06/09;0
19/06/09;0
20/06/09;0
21/06/09;0
22/06/09;0
23/06/09;0
24/06/09;0
25/06/09;0
26/06/09;0
27/06/09;0
28/06/09;0
29/06/09;0
30/06/09;0
01/07/09;0
02/07/09;0
03/07/09;0
04/07/09;0
05/07/09;0
06/07/09;0
07/07/09;0
08/07/09;0
09/07/09;0
10/07/09;0
11/07/09;0
12/07/09;0
13/07/09;0
14/07/09;0
15/07/09;0
16/07/09;0
17/07/09;0
18/07/09;0
19/07/09;0
20/07/09;0
21/07/09;0
22/07/09;0
23/07/09;0
24/07/09;1
25/07/09;12
26/07/09;14
27/07/09;0
28/07/09;0
29/07/09;0
30/07/09;0
31/07/09;0
01/08/09;0
02/08/09;0
03/08/09;0
04/08/09;0
05/08/09;0
06/08/09;0
07/08/09;0
08/08/09;0
09/08/09;0
10/08/09;0
11/08/09;0
12/08/09;4
13/08/09;2
14/08/09;0
15/08/09;0
16/08/09;0
17/08/09;0
18/08/09;0
19/08/09;0
20/08/09;0
21/08/09;0
22/08/09;0
23/08/09;0
24/08/09;0
25/08/09;0
26/08/09;0
27/08/09;0
28/08/09;0
29/08/09;0
30/08/09;0
31/08/09;0
01/09/09;0
02/09/09;0
03/09/09;0
04/09/09;0
05/09/09;0
06/09/09;0
07/09/09;0
08/09/09;0
09/09/09;0
10/09/09;0
11/09/09;0
12/09/09;0
13/09/09;0
14/09/09;0
15/09/09;0
16/09/09;7
17/09/09;24
18/09/09;0
19/09/09;0
20/09/09;0
21/09/09;0
22/09/09;0
23/09/09;0
24/09/09;0
25/09/09;3
26/09/09;0
27/09/09;0
28/09/09;0
29/09/09;0
30/09/09;0
01/10/09;0
02/10/09;0
03/10/09;0
04/10/09;0
05/10/09;0
06/10/09;2
07/10/09;5
08/10/09;32
09/10/09;27
10/10/09;0
11/10/09;0
12/10/09;0
13/10/09;0
14/10/09;0
15/10/09;0
16/10/09;0
17/10/09;0
18/10/09;0
19/10/09;0
20/10/09;0
21/10/09;0
22/10/09;0
23/10/09;0
24/10/09;3
25/10/09;11
26/10/09;0
27/10/09;0
28/10/09;0
29/10/09;0
30/10/09;0
31/10/09;0
01/11/09;0
02/11/09;0
03/11/09;0
04/11/09;0
05/11/09;0
06/11/09;0
07/11/09;0
08/11/09;9
09/11/09;0
10/11/09;6
11/11/09;0
12/11/09;32
13/11/09;0
14/11/09;6
15/11/09;4
16/11/09;10
17/11/09;1
18/11/09;51
19/11/09;29
20/11/09;49
21/11/09;66
22/11/09;24
23/11/09;34
24/11/09;0
25/11/09;0
26/11/09;1
27/11/09;24
28/11/09;5
29/11/09;25
30/11/09;4
01/12/09;1
02/12/09;0
03/12/09;0
04/12/09;0
05/12/09;0
06/12/09;9
07/12/09;0
08/12/09;0
09/12/09;0
10/12/09;1
11/12/09;0
12/12/09;0
13/12/09;0
14/12/09;0
15/12/09;6
16/12/09;0
17/12/09;0
18/12/09;0
19/12/09;0
20/12/09;0
21/12/09;0
22/12/09;0
23/12/09;0
24/12/09;44
25/12/09;46
26/12/09;33
27/12/09;6
28/12/09;49
29/12/09;4
30/12/09;14
31/12/09;28
01/01/10;7
02/01/10;24
03/01/10;64
04/01/10;18
05/01/10;79
06/01/10;29
07/01/10;49
08/01/10;2
09/01/10;5
10/01/10;58
11/01/10;7
12/01/10;20
13/01/10;12
14/01/10;22
15/01/10;64
16/01/10;1
17/01/10;14
18/01/10;41
19/01/10;20
20/01/10;53
21/01/10;27
22/01/10;4
23/01/10;10
24/01/10;2
25/01/10;5
26/01/10;111
27/01/10;6
28/01/10;5
29/01/10;0
30/01/10;21
31/01/10;3
01/02/10;19
02/02/10;5
03/02/10;0
04/02/10;0
05/02/10;64
06/02/10;23
07/02/10;75
08/02/10;1
09/02/10;0
10/02/10;2
11/02/10;0
12/02/10;32
13/02/10;0
14/02/10;6
15/02/10;63
16/02/10;24
17/02/10;10
18/02/10;3
19/02/10;24
20/02/10;108
21/02/10;0
22/02/10;51
23/02/10;0
24/02/10;2
25/02/10;0
26/02/10;24
27/02/10;0
28/02/10;0
01/03/10;10
02/03/10;65
03/03/10;0
04/03/10;1
05/03/10;35
06/03/10;4
07/03/10;1
08/03/10;39
09/03/10;3
10/03/10;50
11/03/10;23
12/03/10;0
13/03/10;13
14/03/10;2
15/03/10;128
16/03/10;40
17/03/10;51
18/03/10;84
19/03/10;18
20/03/10;17
21/03/10;0
22/03/10;50
23/03/10;32
24/03/10;0
25/03/10;45
26/03/10;5
27/03/10;55
28/03/10;1
29/03/10;13
30/03/10;1
31/03/10;44
01/04/10;0
02/04/10;0
03/04/10;0
04/04/10;0
05/04/10;19
06/04/10;5
07/04/10;12
08/04/10;9
09/04/10;16
10/04/10;61
11/04/10;1
12/04/10;7
13/04/10;4
14/04/10;1
15/04/10;0
16/04/10;0
17/04/10;6
18/04/10;5
19/04/10;0
20/04/10;0
21/04/10;0
22/04/10;7
23/04/10;24
24/04/10;0
25/04/10;7
26/04/10;19
27/04/10;7
28/04/10;44
29/04/10;15
30/04/10;0
01/05/10;1
02/05/10;0
03/05/10;22
04/05/10;0
05/05/10;1
06/05/10;12
07/05/10;0
08/05/10;1
09/05/10;0
10/05/10;33
11/05/10;40
12/05/10;15
13/05/10;2
14/05/10;41
15/05/10;39
16/05/10;21
17/05/10;21
18/05/10;0
19/05/10;0
20/05/10;31
21/05/10;15
22/05/10;0
23/05/10;0
24/05/10;7
25/05/10;42
26/05/10;16
27/05/10;45
28/05/10;9
29/05/10;3
30/05/10;68
31/05/10;0
01/06/10;0
02/06/10;0
03/06/10;0
04/06/10;0
05/06/10;0
06/06/10;18
07/06/10;40
08/06/10;20
09/06/10;13
10/06/10;0
11/06/10;1
12/06/10;2
13/06/10;20
14/06/10;4
15/06/10;22
16/06/10;1
17/06/10;1
18/06/10;0
19/06/10;0
20/06/10;0
21/06/10;0
22/06/10;0
23/06/10;0
24/06/10;0
25/06/10;0
26/06/10;0
27/06/10;0
28/06/10;0
29/06/10;1
30/06/10;18
01/07/10;0
02/07/10;0
03/07/10;0
04/07/10;6
05/07/10;29
06/07/10;2
07/07/10;0
08/07/10;0
09/07/10;10
10/07/10;0
11/07/10;0
12/07/10;0
13/07/10;0
14/07/10;0
15/07/10;0
16/07/10;0
17/07/10;0
18/07/10;2
19/07/10;0
20/07/10;0
21/07/10;0
22/07/10;0
23/07/10;0
24/07/10;0
25/07/10;0
26/07/10;0
27/07/10;0
28/07/10;13
29/07/10;0
30/07/10;0
31/07/10;0
01/08/10;0
02/08/10;0
03/08/10;0
04/08/10;0
05/08/10;0
06/08/10;0
07/08/10;0
08/08/10;0
09/08/10;0
10/08/10;0
11/08/10;0
12/08/10;0
13/08/10;0
14/08/10;5
15/08/10;0
16/08/10;0
17/08/10;0
18/08/10;0
19/08/10;12
20/08/10;0
21/08/10;0
22/08/10;27
23/08/10;1
24/08/10;2
25/08/10;15
26/08/10;3
27/08/10;0
28/08/10;0
29/08/10;0
30/08/10;0
31/08/10;0
01/09/10;0
02/09/10;3
03/09/10;0
04/09/10;0
05/09/10;0
06/09/10;18
07/09/10;54
08/09/10;4
09/09/10;24
10/09/10;1
11/09/10;17
12/09/10;7
13/09/10;41
14/09/10;31
15/09/10;4
16/09/10;30
17/09/10;60
18/09/10;12
19/09/10;0
20/09/10;5
21/09/10;0
22/09/10;7
23/09/10;12
24/09/10;39
25/09/10;11
26/09/10;10
27/09/10;0
28/09/10;1
29/09/10;0
30/09/10;0
01/10/10;0
02/10/10;0
03/10/10;0
04/10/10;0
05/10/10;0
06/10/10;7
07/10/10;0
08/10/10;0
09/10/10;55
10/10/10;5
11/10/10;0
12/10/10;0
13/10/10;0
14/10/10;0
15/10/10;107
16/10/10;1
17/10/10;15
18/10/10;44
19/10/10;32
20/10/10;4
21/10/10;11
22/10/10;0
23/10/10;0
24/10/10;10
25/10/10;4
26/10/10;0
27/10/10;7
28/10/10;3
29/10/10;0
30/10/10;3
31/10/10;4
01/11/10;0
02/11/10;4
03/11/10;35
04/11/10;6
05/11/10;10
06/11/10;91
07/11/10;28
08/11/10;25
09/11/10;4
10/11/10;7
11/11/10;0
12/11/10;0
13/11/10;0
14/11/10;15
15/11/10;6
16/11/10;0
17/11/10;0
18/11/10;0
19/11/10;0
20/11/10;0
21/11/10;0
22/11/10;3
23/11/10;5
24/11/10;0
25/11/10;4
26/11/10;5
27/11/10;0
28/11/10;15
29/11/10;4
30/11/10;25
01/12/10;11
02/12/10;23
03/12/10;38
04/12/10;18
05/12/10;38
06/12/10;6
07/12/10;61
08/12/10;40
09/12/10;38
10/12/10;82
11/12/10;11
12/12/10;15
13/12/10;1
14/12/10;0
15/12/10;21
16/12/10;23
17/12/10;5
18/12/10;2
19/12/10;10
20/12/10;0
21/12/10;1
22/12/10;11
23/12/10;0
24/12/10;3
25/12/10;6
26/12/10;5
27/12/10;6
28/12/10;5
29/12/10;16
30/12/10;0
31/12/10;0
01/01/11;5
02/01/11;70
03/01/11;32
04/01/11;55
05/01/11;0
06/01/11;0
07/01/11;0
08/01/11;0
09/01/11;15
10/01/11;22
11/01/11;7
12/01/11;1
13/01/11;0
14/01/11;0
15/01/11;9
16/01/11;14
17/01/11;43
18/01/11;33
19/01/11;0
20/01/11;3
21/01/11;13
22/01/11;2
23/01/11;16
24/01/11;8
25/01/11;46
26/01/11;14
27/01/11;0
28/01/11;14
29/01/11;4
30/01/11;21
31/01/11;3
01/02/11;15
02/02/11;28
03/02/11;79
04/02/11;0
05/02/11;42
06/02/11;11
07/02/11;3
08/02/11;13
09/02/11;0
10/02/11;3
11/02/11;0
12/02/11;0
13/02/11;3
14/02/11;0
15/02/11;45
16/02/11;0
17/02/11;26
18/02/11;1
19/02/11;0
20/02/11;17
21/02/11;4
22/02/11;0
23/02/11;1
24/02/11;4
25/02/11;2
26/02/11;14
27/02/11;30
28/02/11;34
01/03/11;72
02/03/11;37
03/03/11;0
04/03/11;0
05/03/11;82
06/03/11;34
07/03/11;5
08/03/11;8
09/03/11;8
10/03/11;15
11/03/11;13
12/03/11;96
13/03/11;1
14/03/11;1
15/03/11;0
16/03/11;0
17/03/11;0
18/03/11;31
19/03/11;4
20/03/11;14
21/03/11;5
22/03/11;55
23/03/11;42
24/03/11;5
25/03/11;26
26/03/11;12
27/03/11;12
28/03/11;78
29/03/11;3
30/03/11;12
31/03/11;5
01/04/11;1
02/04/11;35
03/04/11;44
04/04/11;19
05/04/11;0
06/04/11;0
07/04/11;2
08/04/11;3
09/04/11;9
10/04/11;3
11/04/11;6
12/04/11;10
13/04/11;9
14/04/11;4
15/04/11;40
16/04/11;17
17/04/11;18
18/04/11;2
19/04/11;7
20/04/11;0
21/04/11;0
22/04/11;7
23/04/11;57
24/04/11;85
25/04/11;28
26/04/11;3
27/04/11;7
28/04/11;0
29/04/11;14
30/04/11;9
01/05/11;31
02/05/11;36
03/05/11;3
04/05/11;4
05/05/11;3
06/05/11;69
07/05/11;15
08/05/11;0
09/05/11;18
10/05/11;0
11/05/11;0
12/05/11;2
13/05/11;1
14/05/11;0
15/05/11;3
16/05/11;71
17/05/11;0
18/05/11;0
19/05/11;11
20/05/11;18
21/05/11;0
22/05/11;0
23/05/11;1
24/05/11;0
25/05/11;0
26/05/11;0
27/05/11;0
28/05/11;0
29/05/11;0
30/05/11;0
31/05/11;0
01/06/11;0
02/06/11;0
03/06/11;27
04/06/11;0
05/06/11;0
06/06/11;0
07/06/11;0
08/06/11;0
09/06/11;0
10/06/11;0
11/06/11;0
12/06/11;0
13/06/11;0
14/06/11;0
15/06/11;0
16/06/11;0
17/06/11;0
18/06/11;0
19/06/11;0
20/06/11;0
21/06/11;0
22/06/11;0
23/06/11;0
24/06/11;0
25/06/11;0
26/06/11;0
27/06/11;1
28/06/11;9
29/06/11;18
30/06/11;5
01/07/11;0
02/07/11;0
03/07/11;0
04/07/11;0
05/07/11;0
06/07/11;0
07/07/11;0
08/07/11;0
09/07/11;0
10/07/11;2
11/07/11;1
12/07/11;0
13/07/11;0
14/07/11;0
15/07/11;0
16/07/11;0
17/07/11;0
18/07/11;0
19/07/11;0
20/07/11;0
21/07/11;0
22/07/11;4
23/07/11;29
24/07/11;0
25/07/11;0
26/07/11;0
27/07/11;0
28/07/11;0
29/07/11;0
30/07/11;0
31/07/11;0
01/08/11;0
02/08/11;0
03/08/11;0
04/08/11;0
05/08/11;0
06/08/11;0
07/08/11;0
08/08/11;0
09/08/11;0
10/08/11;0
11/08/11;0
12/08/11;0
13/08/11;0
14/08/11;0
15/08/11;0
16/08/11;0
17/08/11;0
18/08/11;0
19/08/11;0
20/08/11;0
21/08/11;0
22/08/11;0
23/08/11;0
24/08/11;0
25/08/11;0
26/08/11;0
27/08/11;0
28/08/11;0
29/08/11;0
30/08/11;0
31/08/11;0
01/09/11;0
02/09/11;0
03/09/11;0
04/09/11;0
05/09/11;0
06/09/11;0
07/09/11;0
08/09/11;0
09/09/11;0
10/09/11;0
11/09/11;0
12/09/11;0
13/09/11;0
14/09/11;0
15/09/11;12
16/09/11;16
17/09/11;0
18/09/11;7
19/09/11;0
20/09/11;0
21/09/11;0
22/09/11;0
23/09/11;0
24/09/11;0
25/09/11;0
26/09/11;0
27/09/11;0
28/09/11;0
29/09/11;0
30/09/11;0
01/10/11;0
02/10/11;0
03/10/11;0
04/10/11;0
05/10/11;0
06/10/11;0
07/10/11;0
08/10/11;0
09/10/11;0
10/10/11;1
11/10/11;0
12/10/11;0
13/10/11;0
14/10/11;1
15/10/11;12
16/10/11;16
17/10/11;0
18/10/11;7
19/10/11;0
20/10/11;0
21/10/11;0
22/10/11;0
23/10/11;0
24/10/11;0
25/10/11;0
26/10/11;0
27/10/11;0
28/10/11;0
29/10/11;0
30/10/11;0
31/10/11;0
01/11/11;25
02/11/11;10
03/11/11;78
04/11/11;57
05/11/11;24
06/11/11;7
07/11/11;77
08/11/11;10
09/11/11;15
10/11/11;32
11/11/11;2
12/11/11;1
13/11/11;0
14/11/11;28
15/11/11;31
16/11/11;13
17/11/11;18
18/11/11;3
19/11/11;11
20/11/11;28
21/11/11;43
22/11/11;0
23/11/11;17
24/11/11;17
25/11/11;3
26/11/11;0
27/11/11;0
28/11/11;0
29/11/11;26
30/11/11;1
01/12/11;1
02/12/11;0
03/12/11;18
04/12/11;116
05/12/11;14
06/12/11;7
07/12/11;3
08/12/11;0
09/12/11;0
10/12/11;0
11/12/11;0
12/12/11;0
13/12/11;11
14/12/11;9
15/12/11;9
16/12/11;5
17/12/11;2
18/12/11;12
19/12/11;8
20/12/11;38
21/12/11;16
22/12/11;5
23/12/11;1
24/12/11;38
25/12/11;12
26/12/11;1
27/12/11;0
28/12/11;1
29/12/11;7
30/12/11;22
31/12/11;7
01/01/12;85
02/01/12;65
03/01/12;3
04/01/12;0
05/01/12;4
06/01/12;26
07/01/12;43
08/01/12;64
09/01/12;3
10/01/12;16
11/01/12;9
12/01/12;3
13/01/12;29
14/01/12;5
15/01/12;9
16/01/12;13
17/01/12;6
18/01/12;7
19/01/12;2
20/01/12;9
21/01/12;1
22/01/12;38
23/01/12;20
24/01/12;0
25/01/12;0
26/01/12;0
27/01/12;1
28/01/12;2
29/01/12;16
30/01/12;32
31/01/12;10
01/02/12;2
02/02/12;2
03/02/12;10
04/02/12;36
05/02/12;14
06/02/12;0
07/02/12;0
08/02/12;0
09/02/12;0
10/02/12;0
11/02/12;0
12/02/12;7
13/02/12;42
14/02/12;0
15/02/12;0
16/02/12;0
17/02/12;4
18/02/12;0
19/02/12;2
20/02/12;12
21/02/12;22
22/02/12;47
23/02/12;0
24/02/12;0
25/02/12;0
26/02/12;30
27/02/12;20
28/02/12;9
29/02/12;10
01/03/12;0
02/03/12;9
03/03/12;91
04/03/12;0
05/03/12;4
06/03/12;1
07/03/12;5
08/03/12;67
09/03/12;21
10/03/12;27
11/03/12;7
12/03/12;0
13/03/12;1
14/03/12;5
15/03/12;7
16/03/12;0
17/03/12;10
18/03/12;0
19/03/12;25
20/03/12;21
21/03/12;7
22/03/12;4
23/03/12;0
24/03/12;0
25/03/12;3
26/03/12;0
27/03/12;4
28/03/12;9
29/03/12;0
30/03/12;0
31/03/12;7
01/04/12;5
02/04/12;38
03/04/12;10
04/04/12;31
05/04/12;43
06/04/12;0
07/04/12;0
08/04/12;1
09/04/12;24
10/04/12;0
11/04/12;0
12/04/12;1
13/04/12;0
14/04/12;58
15/04/12;1
16/04/12;22
17/04/12;2
18/04/12;12
19/04/12;0
20/04/12;0
21/04/12;0
22/04/12;0
23/04/12;0
24/04/12;0
25/04/12;0
26/04/12;0
27/04/12;0
28/04/12;0
29/04/12;3
30/04/12;25
01/05/12;0
02/05/12;0
03/05/12;0
04/05/12;0
05/05/12;0
06/05/12;0
07/05/12;0
08/05/12;0
09/05/12;0
10/05/12;0
11/05/12;0
12/05/12;0
13/05/12;0
14/05/12;0
15/05/12;0
16/05/12;0
17/05/12;0
18/05/12;0
19/05/12;0
20/05/12;0
21/05/12;0
22/05/12;0
23/05/12;0
24/05/12;0
25/05/12;0
26/05/12;0
27/05/12;0
28/05/12;0
29/05/12;0
30/05/12;0
31/05/12;0
01/06/12;0
02/06/12;0
03/06/12;0
04/06/12;0
05/06/12;0
06/06/12;0
07/06/12;0
08/06/12;0
09/06/12;0
10/06/12;0
11/06/12;0
12/06/12;0
13/06/12;0
14/06/12;0
15/06/12;0
16/06/12;0
17/06/12;0
18/06/12;0
19/06/12;0
20/06/12;0
21/06/12;0
22/06/12;0
23/06/12;0
24/06/12;0
25/06/12;0
26/06/12;0
27/06/12;0
28/06/12;0
29/06/12;0
30/06/12;0
01/07/12;0
02/07/12;0
03/07/12;0
04/07/12;0
05/07/12;0
06/07/12;0
07/07/12;0
08/07/12;0
09/07/12;0
10/07/12;0
11/07/12;0
12/07/12;0
13/07/12;0
14/07/12;0
15/07/12;0
16/07/12;0
17/07/12;0
18/07/12;0
19/07/12;0
20/07/12;0
21/07/12;0
22/07/12;0
23/07/12;0
24/07/12;0
25/07/12;0
26/07/12;0
27/07/12;0
28/07/12;0
29/07/12;0
30/07/12;0
31/07/12;0
01/08/12;0
02/08/12;0
03/08/12;0
04/08/12;0
05/08/12;0
06/08/12;0
07/08/12;0
08/08/12;0
09/08/12;0
10/08/12;0
11/08/12;0
12/08/12;0
13/08/12;0
14/08/12;0
15/08/12;0
16/08/12;0
17/08/12;0
18/08/12;0
19/08/12;0
20/08/12;0
21/08/12;0
22/08/12;0
23/08/12;0
24/08/12;0
25/08/12;0
26/08/12;0
27/08/12;0
28/08/12;0
29/08/12;0
30/08/12;0
31/08/12;0
01/09/12;0
02/09/12;0
03/09/12;0
04/09/12;0
05/09/12;0
06/09/12;0
07/09/12;0
08/09/12;0
09/09/12;0
10/09/12;0
11/09/12;0
12/09/12;0
13/09/12;0
14/09/12;0
15/09/12;0
16/09/12;0
17/09/12;0
18/09/12;0
19/09/12;0
20/09/12;0
21/09/12;0
22/09/12;0
23/09/12;0
24/09/12;0
25/09/12;0
26/09/12;0
27/09/12;0
28/09/12;0
29/09/12;0
30/09/12;0
01/10/12;0
02/10/12;0
03/10/12;0
04/10/12;1
05/10/12;0
06/10/12;0
07/10/12;0
08/10/12;6
09/10/12;15
10/10/12;0
11/10/12;0
12/10/12;0
13/10/12;0
14/10/12;1
15/10/12;0
16/10/12;0
17/10/12;11
18/10/12;1
19/10/12;0
20/10/12;0
21/10/12;8
22/10/12;0
23/10/12;0
24/10/12;0
25/10/12;0
26/10/12;0
27/10/12;0
28/10/12;0
29/10/12;0
30/10/12;10
31/10/12;0
01/11/12;0
02/11/12;0
03/11/12;2
04/11/12;26
05/11/12;0
06/11/12;0
07/11/12;0
08/11/12;1
09/11/12;0
10/11/12;2
11/11/12;2
12/11/12;0
13/11/12;4
14/11/12;16
15/11/12;0
16/11/12;3
17/11/12;32
18/11/12;48
19/11/12;43
20/11/12;19
21/11/12;2
22/11/12;24
23/11/12;52
24/11/12;26
25/11/12;6
26/11/12;0
27/11/12;2
28/11/12;4
29/11/12;6
30/11/12;1
01/12/12;14
02/12/12;0
03/12/12;25
04/12/12;26
05/12/12;66
06/12/12;20
07/12/12;9
08/12/12;0
09/12/12;0
10/12/12;0
11/12/12;11
12/12/12;0
13/12/12;1
14/12/12;5
15/12/12;0
16/12/12;6
17/12/12;7
18/12/12;28
19/12/12;95
20/12/12;12
21/12/12;1
22/12/12;4
23/12/12;0
24/12/12;17
25/12/12;5
26/12/12;25
27/12/12;23
28/12/12;36
29/12/12;4
30/12/12;0
31/12/12;2
01/01/13;33
02/01/13;67
03/01/13;29
04/01/13;0
05/01/13;17
06/01/13;41
07/01/13;32
08/01/13;2
09/01/13;8
10/01/13;0
11/01/13;0
12/01/13;9
13/01/13;3
14/01/13;4
15/01/13;3
16/01/13;5
17/01/13;1
18/01/13;0
19/01/13;9
20/01/13;18
21/01/13;5
22/01/13;37
23/01/13;31
24/01/13;5
25/01/13;36
26/01/13;5
27/01/13;3
28/01/13;45
29/01/13;28
30/01/13;5
31/01/13;47
01/02/13;11
02/02/13;30
03/02/13;0
04/02/13;1
05/02/13;32
06/02/13;24
07/02/13;4
08/02/13;0
09/02/13;0
10/02/13;3
11/02/13;7
12/02/13;19
13/02/13;118
14/02/13;6
15/02/13;47
16/02/13;81
17/02/13;9
18/02/13;3
19/02/13;0
20/02/13;30
21/02/13;7
22/02/13;0
23/02/13;44
24/02/13;3
25/02/13;20
26/02/13;9
27/02/13;2
28/02/13;22
01/03/13;4
02/03/13;0
03/03/13;1
04/03/13;77
05/03/13;0
06/03/13;10
07/03/13;2
08/03/13;0
09/03/13;15
10/03/13;0
11/03/13;18
12/03/13;0
13/03/13;13
14/03/13;0
15/03/13;1
16/03/13;1
17/03/13;5
18/03/13;0
19/03/13;18
20/03/13;9
21/03/13;0
22/03/13;2
23/03/13;1
24/03/13;1
25/03/13;2
26/03/13;38
27/03/13;34
28/03/13;0
29/03/13;21
30/03/13;40
31/03/13;21
01/04/13;0
02/04/13;5
03/04/13;7
04/04/13;15
05/04/13;24
06/04/13;50
07/04/13;50
08/04/13;34
09/04/13;1
10/04/13;5
11/04/13;0
12/04/13;2
13/04/13;7
14/04/13;7
15/04/13;1
16/04/13;8
17/04/13;9
18/04/13;27
19/04/13;32
20/04/13;4
21/04/13;25
22/04/13;1
23/04/13;3
24/04/13;7
25/04/13;0
26/04/13;0
27/04/13;0
28/04/13;0
29/04/13;0
30/04/13;0
01/05/13;0
02/05/13;24
03/05/13;0
04/05/13;0
05/05/13;0
06/05/13;0
07/05/13;0
08/05/13;12
09/05/13;0
10/05/13;0
11/05/13;10
12/05/13;0
13/05/13;1
14/05/13;2
15/05/13;0
16/05/13;3
17/05/13;0
18/05/13;15
19/05/13;0
20/05/13;18
21/05/13;11
22/05/13;4
23/05/13;2
24/05/13;0
25/05/13;0
26/05/13;49
27/05/13;4
28/05/13;0
29/05/13;15
30/05/13;4
31/05/13;3
01/06/13;1
02/06/13;0
03/06/13;8
04/06/13;0
05/06/13;0
06/06/13;34
07/06/13;0
08/06/13;0
09/06/13;19
10/06/13;6
11/06/13;6
12/06/13;3
13/06/13;1
14/06/13;2
15/06/13;0
16/06/13;4
17/06/13;26
18/06/13;0
19/06/13;7
20/06/13;0
21/06/13;0
22/06/13;11
23/06/13;0
24/06/13;0
25/06/13;0
26/06/13;0
27/06/13;0
28/06/13;2
29/06/13;4
30/06/13;0
01/07/13;0
02/07/13;1
03/07/13;2
04/07/13;14
05/07/13;1
06/07/13;0
07/07/13;0
08/07/13;0
09/07/13;0
10/07/13;2
11/07/13;4
12/07/13;5
13/07/13;0
14/07/13;13
15/07/13;2
16/07/13;0
17/07/13;0
18/07/13;0
19/07/13;0
20/07/13;0
21/07/13;0
22/07/13;0
23/07/13;3
24/07/13;0
25/07/13;5
26/07/13;1
27/07/13;1
28/07/13;0
29/07/13;0
30/07/13;0
31/07/13;0
01/08/13;0
02/08/13;0
03/08/13;0
04/08/13;0
05/08/13;0
06/08/13;0
07/08/13;0
08/08/13;0
09/08/13;0
10/08/13;0
11/08/13;0
12/08/13;0
13/08/13;0
14/08/13;0
15/08/13;0
16/08/13;0
17/08/13;0
18/08/13;6
19/08/13;0
20/08/13;0
21/08/13;0
22/08/13;0
23/08/13;0
24/08/13;0
25/08/13;0
26/08/13;0
27/08/13;0
28/08/13;0
29/08/13;0
30/08/13;0
31/08/13;0
01/09/13;0
02/09/13;0
03/09/13;0
04/09/13;0
05/09/13;0
06/09/13;0
07/09/13;0
08/09/13;0
09/09/13;0
10/09/13;0
11/09/13;0
12/09/13;0
13/09/13;0
14/09/13;0
15/09/13;0
16/09/13;0
17/09/13;0
18/09/13;0
19/09/13;0
20/09/13;0
21/09/13;0
22/09/13;0
23/09/13;0
24/09/13;0
25/09/13;0
26/09/13;0
27/09/13;0
28/09/13;0
29/09/13;0
30/09/13;0
01/10/13;2
02/10/13;0
03/10/13;0
04/10/13;0
05/10/13;0
06/10/13;0
07/10/13;0
08/10/13;0
09/10/13;4
10/10/13;0
11/10/13;0
12/10/13;0
13/10/13;0
14/10/13;0
15/10/13;0
16/10/13;0
17/10/13;0
18/10/13;0
19/10/13;1
20/10/13;11
21/10/13;0
22/10/13;0
23/10/13;0
24/10/13;0
25/10/13;0
26/10/13;0
27/10/13;0
28/10/13;4
29/10/13;1
30/10/13;35
31/10/13;3
01/11/13;0
02/11/13;0
03/11/13;0
04/11/13;16
05/11/13;0
06/11/13;0
07/11/13;17
08/11/13;7
09/11/13;5
10/11/13;0
11/11/13;0
12/11/13;5
13/11/13;21
14/11/13;44
15/11/13;9
16/11/13;31
17/11/13;0
18/11/13;7
19/11/13;0
20/11/13;3
21/11/13;14
22/11/13;0
23/11/13;0
24/11/13;0
25/11/13;0
26/11/13;4
27/11/13;4
28/11/13;0
29/11/13;0
30/11/13;0
01/12/13;0
02/12/13;0
03/12/13;2
04/12/13;3
05/12/13;2
06/12/13;11
07/12/13;3
08/12/13;24
09/12/13;19
10/12/13;85
11/12/13;4
12/12/13;6
13/12/13;21
14/12/13;43
15/12/13;66
16/12/13;19
17/12/13;0
18/12/13;14
19/12/13;0
20/12/13;0
21/12/13;12
22/12/13;23
23/12/13;30
24/12/13;4
25/12/13;26
26/12/13;0
27/12/13;0
28/12/13;0
29/12/13;0
30/12/13;0
31/12/13;16
01/01/14;17
02/01/14;1
03/01/14;5
04/01/14;0
05/01/14;21
06/01/14;75
07/01/14;48
08/01/14;10
09/01/14;56
10/01/14;4
11/01/14;6
12/01/14;15
13/01/14;1
14/01/14;43
15/01/14;2
16/01/14;19
17/01/14;1
18/01/14;2
19/01/14;9
20/01/14;11
21/01/14;8
22/01/14;3
23/01/14;3
24/01/14;6
25/01/14;8
26/01/14;2
27/01/14;13
28/01/14;12
29/01/14;2
30/01/14;0
31/01/14;30
01/02/14;35
02/02/14;10
03/02/14;9
04/02/14;52
05/02/14;8
06/02/14;19
07/02/14;0
08/02/14;4
09/02/14;14
10/02/14;9
11/02/14;0
12/02/14;7
13/02/14;0
14/02/14;0
15/02/14;0
16/02/14;19
17/02/14;20
18/02/14;2
19/02/14;5
20/02/14;2
21/02/14;1
22/02/14;4
23/02/14;47
24/02/14;0
25/02/14;0
26/02/14;3
27/02/14;0
28/02/14;0
01/03/14;44
02/03/14;1
03/03/14;41
04/03/14;46
05/03/14;19
06/03/14;25
07/03/14;0
08/03/14;3
09/03/14;0
10/03/14;0
11/03/14;0
12/03/14;0
13/03/14;73
14/03/14;4
15/03/14;0
16/03/14;1
17/03/14;4
18/03/14;15
19/03/14;16
20/03/14;0
21/03/14;0
22/03/14;0
23/03/14;2
24/03/14;0
25/03/14;0
26/03/14;0
27/03/14;19
28/03/14;2
29/03/14;5
30/03/14;39
31/03/14;11
01/04/14;0
02/04/14;2
03/04/14;2
04/04/14;0
05/04/14;0
06/04/14;31
07/04/14;8
08/04/14;6
09/04/14;1
10/04/14;2
11/04/14;26
12/04/14;0
13/04/14;10
14/04/14;0
15/04/14;33
16/04/14;1
17/04/14;0
18/04/14;0
19/04/14;0
20/04/14;48
21/04/14;59
22/04/14;10
23/04/14;7
24/04/14;0
25/04/14;16
26/04/14;25
27/04/14;14
28/04/14;14
29/04/14;0
30/04/14;0
01/05/14;13
02/05/14;0
03/05/14;1
04/05/14;0
05/05/14;0
06/05/14;15
07/05/14;0
08/05/14;0
09/05/14;1
10/05/14;1
11/05/14;0
12/05/14;0
13/05/14;2
14/05/14;5
15/05/14;2
16/05/14;0
17/05/14;0
18/05/14;1
19/05/14;4
20/05/14;0
21/05/14;18
22/05/14;11
23/05/14;36
24/05/14;2
25/05/14;0
26/05/14;12
27/05/14;0
28/05/14;0
29/05/14;1
30/05/14;0
31/05/14;0
01/06/14;0
02/06/14;0
03/06/14;0
04/06/14;16
05/06/14;0
06/06/14;0
07/06/14;0
08/06/14;0
09/06/14;1
10/06/14;0
11/06/14;0
12/06/14;0
13/06/14;0
14/06/14;0
15/06/14;0
16/06/14;0
17/06/14;0
18/06/14;43
19/06/14;14
20/06/14;19
21/06/14;13
22/06/14;0
23/06/14;0
24/06/14;0
25/06/14;10
26/06/14;1
27/06/14;6
28/06/14;0
29/06/14;0
30/06/14;0
01/07/14;0
02/07/14;1
03/07/14;2
04/07/14;14
05/07/14;1
06/07/14;0
07/07/14;0
08/07/14;0
09/07/14;0
10/07/14;2
11/07/14;4
12/07/14;5
13/07/14;0
14/07/14;13
15/07/14;2
16/07/14;0
17/07/14;0
18/07/14;0
19/07/14;0
20/07/14;0
21/07/14;0
22/07/14;0
23/07/14;3
24/07/14;0
25/07/14;5
26/07/14;1
27/07/14;1
28/07/14;0
29/07/14;0
30/07/14;0
31/07/14;0
01/08/14;0
02/08/14;0
03/08/14;0
04/08/14;0
05/08/14;0
06/08/14;0
07/08/14;0
08/08/14;0
09/08/14;0
10/08/14;0
11/08/14;0
12/08/14;0
13/08/14;0
14/08/14;0
15/08/14;0
16/08/14;0
17/08/14;0
18/08/14;0
19/08/14;0
20/08/14;0
21/08/14;0
22/08/14;0
23/08/14;0
24/08/14;0
25/08/14;0
26/08/14;0
27/08/14;0
28/08/14;0
29/08/14;0
30/08/14;0
31/08/14;0
01/09/14;0
02/09/14;0
03/09/14;0
04/09/14;0
05/09/14;0
06/09/14;0
07/09/14;0
08/09/14;0
09/09/14;0
10/09/14;0
11/09/14;0
12/09/14;0
13/09/14;0
14/09/14;0
15/09/14;0
16/09/14;0
17/09/14;0
18/09/14;0
19/09/14;0
20/09/14;0
21/09/14;3
22/09/14;0
23/09/14;0
24/09/14;0
25/09/14;0
26/09/14;0
27/09/14;0
28/09/14;0
29/09/14;0
30/09/14;0
01/10/14;0
02/10/14;0
03/10/14;0
04/10/14;0
05/10/14;0
06/10/14;0
07/10/14;0
08/10/14;0
09/10/14;0
10/10/14;0
11/10/14;0
12/10/14;0
13/10/14;0
14/10/14;0
15/10/14;0
16/10/14;0
17/10/14;3
18/10/14;0
19/10/14;0
20/10/14;0
21/10/14;0
22/10/14;0
23/10/14;0
24/10/14;0
25/10/14;0
26/10/14;0
27/10/14;0
28/10/14;0
29/10/14;1
30/10/14;11
31/10/14;0
01/11/14;0
02/11/14;0
03/11/14;0
04/11/14;0
05/11/14;0
06/11/14;0
07/11/14;0
08/11/14;0
09/11/14;0
10/11/14;2
11/11/14;14
12/11/14;1
13/11/14;0
14/11/14;4
15/11/14;9
16/11/14;76
17/11/14;23
18/11/14;48
19/11/14;7
20/11/14;27
21/11/14;16
22/11/14;2
23/11/14;0
24/11/14;4
25/11/14;0
26/11/14;20
27/11/14;0
28/11/14;2
29/11/14;3
30/11/14;22
01/12/14;8
02/12/14;2
03/12/14;1
04/12/14;22
05/12/14;21
06/12/14;6
07/12/14;14
08/12/14;27
09/12/14;2
10/12/14;9
11/12/14;26
12/12/14;77
13/12/14;1
14/12/14;2
15/12/14;0
16/12/14;20
17/12/14;28
18/12/14;3
19/12/14;15
20/12/14;20
21/12/14;58
22/12/14;4
23/12/14;23
24/12/14;6
25/12/14;53
26/12/14;5
27/12/14;0
28/12/14;79
29/12/14;48
30/12/14;2
31/12/14;6
01/01/15;2
02/01/15;17
03/01/15;13
04/01/15;6
05/01/15;17
06/01/15;0
07/01/15;0
08/01/15;18
09/01/15;0
10/01/15;0
11/01/15;0
12/01/15;27
13/01/15;29
14/01/15;24
15/01/15;8
16/01/15;5
17/01/15;19
18/01/15;17
19/01/15;6
20/01/15;102
21/01/15;1
22/01/15;13
23/01/15;36
24/01/15;23
25/01/15;48
26/01/15;61
27/01/15;0
28/01/15;11
29/01/15;3
30/01/15;41
31/01/15;60
01/02/15;80
02/02/15;25
03/02/15;2
04/02/15;77
05/02/15;28
06/02/15;32
07/02/15;25
08/02/15;24
09/02/15;54
10/02/15;29
11/02/15;6
12/02/15;76
13/02/15;62
14/02/15;9
15/02/15;11
16/02/15;5
17/02/15;83
18/02/15;8
19/02/15;23
20/02/15;65
21/02/15;0
22/02/15;0
23/02/15;0
24/02/15;21
25/02/15;0
26/02/15;0
27/02/15;1
28/02/15;0
01/03/15;1
02/03/15;42
03/03/15;56
04/03/15;25
05/03/15;14
06/03/15;21
07/03/15;49
08/03/15;10
09/03/15;0
10/03/15;1
11/03/15;2
12/03/15;20
13/03/15;14
14/03/15;1
15/03/15;2
16/03/15;44
17/03/15;2
18/03/15;1
19/03/15;9
20/03/15;51
21/03/15;38
22/03/15;5
23/03/15;23
24/03/15;19
25/03/15;16
26/03/15;2
27/03/15;53
28/03/15;42
29/03/15;3
30/03/15;7
31/03/15;0
01/04/15;0
02/04/15;6
03/04/15;5
04/04/15;40
05/04/15;0
06/04/15;0
07/04/15;10
08/04/15;21
09/04/15;1
10/04/15;4
11/04/15;0
12/04/15;5
13/04/15;15
14/04/15;0
15/04/15;41
16/04/15;9
17/04/15;59
18/04/15;4
19/04/15;16
20/04/15;6
21/04/15;3
22/04/15;7
23/04/15;14
24/04/15;5
25/04/15;61
26/04/15;8
27/04/15;7
28/04/15;2
29/04/15;0
30/04/15;0
01/05/15;1
02/05/15;6
03/05/15;21
04/05/15;56
05/05/15;5
06/05/15;0
07/05/15;0
08/05/15;0
09/05/15;0
10/05/15;6
11/05/15;0
12/05/15;0
13/05/15;0
14/05/15;3
15/05/15;0
16/05/15;0
17/05/15;0
18/05/15;0
19/05/15;0
20/05/15;0
21/05/15;0
22/05/15;0
23/05/15;0
24/05/15;0
25/05/15;0
26/05/15;1
27/05/15;4
28/05/15;0
29/05/15;0
30/05/15;0
31/05/15;0
01/06/15;0
02/06/15;31
03/06/15;0
04/06/15;0
05/06/15;0
06/06/15;0
07/06/15;0
08/06/15;0
09/06/15;0
10/06/15;0
11/06/15;0
12/06/15;0
13/06/15;0
14/06/15;0
15/06/15;0
16/06/15;0
17/06/15;0
18/06/15;0
19/06/15;0
20/06/15;0
21/06/15;0
22/06/15;0
23/06/15;0
24/06/15;0
25/06/15;0
26/06/15;0
27/06/15;0
28/06/15;0
29/06/15;0
30/06/15;0
01/07/15;0
02/07/15;0
03/07/15;0
04/07/15;0
05/07/15;0
06/07/15;0
07/07/15;0
08/07/15;0
09/07/15;0
10/07/15;0
11/07/15;0
12/07/15;0
13/07/15;0
14/07/15;0
15/07/15;0
16/07/15;0
17/07/15;0
18/07/15;0
19/07/15;0
20/07/15;0
21/07/15;0
22/07/15;0
23/07/15;0
24/07/15;0
25/07/15;0
26/07/15;0
27/07/15;0
28/07/15;0
29/07/15;0
30/07/15;0
31/07/15;0
01/08/15;0
02/08/15;0
03/08/15;0
04/08/15;0
05/08/15;0
06/08/15;0
07/08/15;0
08/08/15;0
09/08/15;0
10/08/15;0
11/08/15;0
12/08/15;0
13/08/15;0
14/08/15;0
15/08/15;0
16/08/15;0
17/08/15;0
18/08/15;0
19/08/15;0
20/08/15;0
21/08/15;0
22/08/15;0
23/08/15;0
24/08/15;0
25/08/15;0
26/08/15;0
27/08/15;0
28/08/15;0
29/08/15;0
30/08/15;0
31/08/15;0
01/09/15;0
02/09/15;0
03/09/15;0
04/09/15;0
05/09/15;0
06/09/15;0
07/09/15;0
08/09/15;0
09/09/15;0
10/09/15;0
11/09/15;0
12/09/15;0
13/09/15;0
14/09/15;0
15/09/15;0
16/09/15;0
17/09/15;0
18/09/15;0
19/09/15;0
20/09/15;0
21/09/15;0
22/09/15;0
23/09/15;0
24/09/15;0
25/09/15;0
26/09/15;0
27/09/15;0
28/09/15;0
29/09/15;0
30/09/15;0
01/10/15;0
02/10/15;0
03/10/15;10
04/10/15;0
05/10/15;0
06/10/15;0
07/10/15;0
08/10/15;0
09/10/15;0
10/10/15;0
11/10/15;0
12/10/15;0
13/10/15;0
14/10/15;0
15/10/15;0
16/10/15;0
17/10/15;0
18/10/15;0
19/10/15;0
20/10/15;0
21/10/15;0
22/10/15;0
23/10/15;0
24/10/15;0
25/10/15;0
26/10/15;0
27/10/15;0
28/10/15;0
29/10/15;0
30/10/15;0
31/10/15;0
01/11/15;0
02/11/15;0
03/11/15;0
04/11/15;0
05/11/15;2
06/11/15;0
07/11/15;45
08/11/15;22
09/11/15;21
10/11/15;44
11/11/15;50
12/11/15;3
13/11/15;0
14/11/15;0
15/11/15;1
16/11/15;0
17/11/15;4
18/11/15;0
19/11/15;0
20/11/15;0
21/11/15;0
22/11/15;14
23/11/15;2
24/11/15;0
25/11/15;8
26/11/15;74
27/11/15;41
28/11/15;0
29/11/15;1
30/11/15;15
01/12/15;0
02/12/15;6
03/12/15;1
04/12/15;0
05/12/15;0
06/12/15;15
07/12/15;0
08/12/15;5
09/12/15;115
10/12/15;15
11/12/15;12
12/12/15;21
13/12/15;14
14/12/15;13
15/12/15;28
16/12/15;89
17/12/15;7
18/12/15;5
19/12/15;16
20/12/15;0
21/12/15;15
22/12/15;2
23/12/15;2
24/12/15;0
25/12/15;12
26/12/15;0
27/12/15;0
28/12/15;0
29/12/15;3
30/12/15;0
31/12/15;22
01/01/16;41
02/01/16;26
03/01/16;13
04/01/16;0
05/01/16;2
06/01/16;0
07/01/16;0
08/01/16;0
09/01/16;28
10/01/16;13
11/01/16;45
12/01/16;23
13/01/16;8
14/01/16;1
15/01/16;0
16/01/16;0
17/01/16;42
18/01/16;49
19/01/16;2
20/01/16;10
21/01/16;41
22/01/16;1
23/01/16;10
24/01/16;0
25/01/16;4
26/01/16;0
27/01/16;13
28/01/16;8
29/01/16;1
30/01/16;0
31/01/16;4
01/02/16;24
02/02/16;121
03/02/16;2
04/02/16;7
05/02/16;36
06/02/16;6
07/02/16;164
08/02/16;15
09/02/16;58
10/02/16;89
11/02/16;37
12/02/16;7
13/02/16;0
14/02/16;0
15/02/16;34
16/02/16;3
17/02/16;8
18/02/16;1
19/02/16;0
20/02/16;4
21/02/16;13
22/02/16;59
23/02/16;67
24/02/16;27
25/02/16;1
26/02/16;38
27/02/16;49
28/02/16;97
29/02/16;28
01/03/16;0
02/03/16;1
03/03/16;71
04/03/16;2
05/03/16;62
06/03/16;9
07/03/16;71
08/03/16;4
09/03/16;10
10/03/16;1
11/03/16;26
12/03/16;56
13/03/16;1
14/03/16;8
15/03/16;0
16/03/16;0
17/03/16;32
18/03/16;45
19/03/16;0
20/03/16;1
21/03/16;4
22/03/16;9
23/03/16;15
24/03/16;1
25/03/16;29
26/03/16;1
27/03/16;13
28/03/16;40
29/03/16;31
30/03/16;26
31/03/16;3
01/04/16;0
02/04/16;1
03/04/16;9
04/04/16;9
05/04/16;3
06/04/16;15
07/04/16;34
08/04/16;2
09/04/16;2
10/04/16;26
11/04/16;10
12/04/16;5
13/04/16;8
14/04/16;6
15/04/16;2
16/04/16;4
17/04/16;18
18/04/16;1
19/04/16;0
20/04/16;24
21/04/16;2
22/04/16;0
23/04/16;0
24/04/16;2
25/04/16;3
26/04/16;5
27/04/16;41
28/04/16;5
29/04/16;62
30/04/16;11
01/05/16;2
02/05/16;24
03/05/16;0
04/05/16;2
05/05/16;0
06/05/16;0
07/05/16;4
08/05/16;26
09/05/16;7
10/05/16;2
11/05/16;11
12/05/16;1
13/05/16;1
14/05/16;6
15/05/16;0
16/05/16;4
17/05/16;2
18/05/16;0
19/05/16;0
20/05/16;17
21/05/16;29
22/05/16;22
23/05/16;7
24/05/16;7
25/05/16;1
26/05/16;0
27/05/16;2
28/05/16;1
29/05/16;0
30/05/16;10
31/05/16;2
01/06/16;3
02/06/16;0
03/06/16;4
04/06/16;0
05/06/16;0
06/06/16;59
07/06/16;8
08/06/16;76
09/06/16;0
10/06/16;0
11/06/16;0
12/06/16;0
13/06/16;0
14/06/16;3
15/06/16;9
16/06/16;0
17/06/16;0
18/06/16;29
19/06/16;2
20/06/16;5
21/06/16;1
22/06/16;3
23/06/16;0
24/06/16;11
25/06/16;0
26/06/16;0
27/06/16;36
28/06/16;3
29/06/16;8
30/06/16;0
01/07/16;0
02/07/16;0
03/07/16;1
04/07/16;0
05/07/16;0
06/07/16;0
07/07/16;0
08/07/16;0
09/07/16;0
10/07/16;0
11/07/16;5
12/07/16;0
13/07/16;12
14/07/16;1
15/07/16;4
16/07/16;2
17/07/16;1
18/07/16;0
19/07/16;12
20/07/16;33
21/07/16;0
22/07/16;3
23/07/16;5
24/07/16;0
25/07/16;0
26/07/16;2
27/07/16;0
28/07/16;1
29/07/16;0
30/07/16;0
31/07/16;0
01/08/16;0
02/08/16;0
03/08/16;0
04/08/16;0
05/08/16;0
06/08/16;6
07/08/16;45
08/08/16;3
09/08/16;0
10/08/16;0
11/08/16;0
12/08/16;43
13/08/16;28
14/08/16;0
15/08/16;4
16/08/16;0
17/08/16;2
18/08/16;0
19/08/16;0
20/08/16;0
21/08/16;0
22/08/16;0
23/08/16;0
24/08/16;0
25/08/16;0
26/08/16;0
27/08/16;14
28/08/16;4
29/08/16;19
30/08/16;0
31/08/16;0
01/09/16;0
02/09/16;16
03/09/16;56
04/09/16;1
05/09/16;0
06/09/16;1
07/09/16;0
08/09/16;0
09/09/16;11
10/09/16;0
11/09/16;3
12/09/16;0
13/09/16;0
14/09/16;0
15/09/16;10
16/09/16;1
17/09/16;21
18/09/16;1
19/09/16;18
20/09/16;5
21/09/16;0
22/09/16;7
23/09/16;30
24/09/16;48
25/09/16;9
26/09/16;2
27/09/16;62
28/09/16;5
29/09/16;0
30/09/16;0
01/10/16;72
02/10/16;86
03/10/16;0
04/10/16;5
05/10/16;1
06/10/16;0
07/10/16;4
08/10/16;15
09/10/16;41
10/10/16;5
11/10/16;0
12/10/16;1
13/10/16;0
14/10/16;11
15/10/16;1
16/10/16;0
17/10/16;0
18/10/16;3
19/10/16;0
20/10/16;0
21/10/16;0
22/10/16;18
23/10/16;15
24/10/16;0
25/10/16;0
26/10/16;11
27/10/16;0
28/10/16;6
29/10/16;0
30/10/16;0
31/10/16;26
01/11/16;9
02/11/16;14
03/11/16;1
04/11/16;0
05/11/16;0
06/11/16;0
07/11/16;22
08/11/16;76
09/11/16;25
10/11/16;33
11/11/16;20
12/11/16;42
13/11/16;5
14/11/16;38
15/11/16;3
16/11/16;1
17/11/16;1
18/11/16;4
19/11/16;4
20/11/16;0
21/11/16;19
22/11/16;38
23/11/16;130
24/11/16;38
25/11/16;1
26/11/16;102
27/11/16;44
28/11/16;24
29/11/16;0
30/11/16;5
01/12/16;94
02/12/16;1
03/12/16;38
04/12/16;4
05/12/16;58
06/12/16;1
07/12/16;1
08/12/16;26
09/12/16;1
10/12/16;4
11/12/16;3
12/12/16;16
13/12/16;30
14/12/16;0
15/12/16;2
16/12/16;4
17/12/16;15
18/12/16;2
19/12/16;60
20/12/16;4
21/12/16;0
22/12/16;0
23/12/16;1
24/12/16;0
25/12/16;0
26/12/16;79
27/12/16;2
28/12/16;6
29/12/16;35
30/12/16;2
31/12/16;1
01/01/17;5
02/01/17;1
03/01/17;10
04/01/17;9
05/01/17;10
06/01/17;0
07/01/17;6
08/01/17;29
09/01/17;13
10/01/17;0
11/01/17;13
12/01/17;12
13/01/17;14
14/01/17;29
15/01/17;3
16/01/17;3
17/01/17;49
18/01/17;11
19/01/17;1
20/01/17;47
21/01/17;8
22/01/17;28
23/01/17;0
24/01/17;21
25/01/17;8
26/01/17;0
27/01/17;25
28/01/17;37
29/01/17;43
30/01/17;23
31/01/17;7
01/02/17;86
02/02/17;21
03/02/17;3
04/02/17;4
05/02/17;0
06/02/17;9
07/02/17;37
08/02/17;23
09/02/17;5
10/02/17;13
11/02/17;1
12/02/17;10
13/02/17;3
14/02/17;48
15/02/17;43
16/02/17;1
17/02/17;0
18/02/17;1
19/02/17;24
20/02/17;87
21/02/17;33
22/02/17;14
23/02/17;0
24/02/17;14
25/02/17;56
26/02/17;93
27/02/17;52
28/02/17;69
01/03/17;68
02/03/17;23
03/03/17;11
04/03/17;10
05/03/17;2
06/03/17;9
07/03/17;44
08/03/17;0
09/03/17;0
10/03/17;6
11/03/17;21
12/03/17;0
13/03/17;7
14/03/17;13
15/03/17;2
16/03/17;21
17/03/17;46
18/03/17;87
19/03/17;2
20/03/17;6
21/03/17;0
22/03/17;0
23/03/17;1
24/03/17;0
25/03/17;67
26/03/17;1
27/03/17;1
28/03/17;0
29/03/17;0
30/03/17;7
31/03/17;29
01/04/17;10
02/04/17;0
03/04/17;15
04/04/17;36
05/04/17;9
06/04/17;25
07/04/17;1
08/04/17;0
09/04/17;0
10/04/17;45
11/04/17;4
12/04/17;1
13/04/17;2
14/04/17;20
15/04/17;0
16/04/17;0
17/04/17;0
18/04/17;14
19/04/17;36
20/04/17;0
21/04/17;23
22/04/17;2
23/04/17;23
24/04/17;0
25/04/17;63
26/04/17;36
27/04/17;66
28/04/17;31
29/04/17;6
30/04/17;27
01/05/17;1
02/05/17;14
03/05/17;16
04/05/17;55
05/05/17;0
06/05/17;0
07/05/17;65
08/05/17;12
09/05/17;1
10/05/17;4
11/05/17;0
12/05/17;0
13/05/17;0
14/05/17;0
15/05/17;0
16/05/17;0
17/05/17;0
18/05/17;0
19/05/17;0
20/05/17;0
21/05/17;0
22/05/17;0
23/05/17;0
24/05/17;0
25/05/17;0
26/05/17;12
27/05/17;1
28/05/17;15
29/05/17;25
30/05/17;1
31/05/17;1
01/06/17;17
02/06/17;1
03/06/17;0
04/06/17;0
05/06/17;0
06/06/17;2
07/06/17;0
08/06/17;0
09/06/17;0
10/06/17;0
11/06/17;0
12/06/17;7
13/06/17;1
14/06/17;0
15/06/17;2
16/06/17;0
17/06/17;0
18/06/17;0
19/06/17;0
20/06/17;0
21/06/17;0
22/06/17;9
23/06/17;0
24/06/17;1
25/06/17;0
26/06/17;6
27/06/17;39
28/06/17;0
29/06/17;0
30/06/17;0
01/07/17;0
02/07/17;0
03/07/17;0
04/07/17;0
05/07/17;0
06/07/17;0
07/07/17;0
08/07/17;0
09/07/17;0
10/07/17;0
11/07/17;0
12/07/17;0
13/07/17;1
14/07/17;0
15/07/17;0
16/07/17;0
17/07/17;0
18/07/17;6
19/07/17;1
20/07/17;0
21/07/17;2
22/07/17;0
23/07/17;0
24/07/17;0
25/07/17;0
26/07/17;0
27/07/17;5
28/07/17;0
29/07/17;1
30/07/17;0
31/07/17;0
01/08/17;0
02/08/17;0
03/08/17;0
04/08/17;0
05/08/17;0
06/08/17;0
07/08/17;2
08/08/17;1
09/08/17;0
10/08/17;0
11/08/17;0
12/08/17;0
13/08/17;0
14/08/17;0
15/08/17;0
16/08/17;0
17/08/17;0
18/08/17;0
19/08/17;0
20/08/17;0
21/08/17;0
22/08/17;0
23/08/17;0
24/08/17;0
25/08/17;0
26/08/17;0
27/08/17;0
28/08/17;0
29/08/17;0
30/08/17;0
31/08/17;0
01/09/17;0
02/09/17;0
03/09/17;0
04/09/17;0
05/09/17;0
06/09/17;0
07/09/17;0
08/09/17;0
09/09/17;0
10/09/17;0
11/09/17;0
12/09/17;0
13/09/17;0
14/09/17;0
15/09/17;0
16/09/17;0
17/09/17;0
18/09/17;0
19/09/17;0
20/09/17;0
21/09/17;0
22/09/17;0
23/09/17;0
24/09/17;11
25/09/17;6
26/09/17;14
27/09/17;25
28/09/17;2
29/09/17;4
30/09/17;0
01/10/17;0
02/10/17;0
03/10/17;0
04/10/17;3
05/10/17;0
06/10/17;0
07/10/17;31
08/10/17;51
09/10/17;4
10/10/17;0
11/10/17;1
12/10/17;0
13/10/17;0
14/10/17;0
15/10/17;0
16/10/17;0
17/10/17;15
18/10/17;0
19/10/17;39
20/10/17;0
21/10/17;0
22/10/17;0
23/10/17;13
24/10/17;0
25/10/17;17
26/10/17;4
27/10/17;13
28/10/17;3
29/10/17;0
30/10/17;0
31/10/17;0
01/11/17;0
02/11/17;0
03/11/17;13
04/11/17;11
05/11/17;6
06/11/17;8
07/11/17;0
08/11/17;2
09/11/17;0
10/11/17;0
11/11/17;5
12/11/17;89
13/11/17;5
14/11/17;3
15/11/17;23
16/11/17;47
17/11/17;18
18/11/17;107
19/11/17;25
20/11/17;19
21/11/17;0
22/11/17;1
23/11/17;10
24/11/17;2
25/11/17;1
26/11/17;64
27/11/17;20
28/11/17;135
29/11/17;4
30/11/17;16
01/12/17;1
02/12/17;0
03/12/17;0
04/12/17;0
05/12/17;0
06/12/17;0
07/12/17;1
08/12/17;41
09/12/17;18
10/12/17;151
11/12/17;7
12/12/17;3
13/12/17;11
14/12/17;6
15/12/17;6
16/12/17;2
17/12/17;2
18/12/17;15
19/12/17;56
20/12/17;37
21/12/17;30
22/12/17;1
23/12/17;0
24/12/17;0
25/12/17;0
26/12/17;104
27/12/17;34
28/12/17;1
29/12/17;0
30/12/17;0
31/12/17;0
01/01/18;3
02/01/18;24
03/01/18;17
04/01/18;89
05/01/18;56
06/01/18;6
07/01/18;60
08/01/18;17
09/01/18;26
10/01/18;27
11/01/18;18
12/01/18;0
13/01/18;19
14/01/18;3
15/01/18;0
16/01/18;3
17/01/18;2
18/01/18;42
19/01/18;11
20/01/18;59
21/01/18;37
22/01/18;14
23/01/18;7
24/01/18;9
25/01/18;20
26/01/18;59
27/01/18;12
28/01/18;39
29/01/18;4
30/01/18;6
31/01/18;0
01/02/18;37
02/02/18;7
03/02/18;6
04/02/18;18
05/02/18;23
06/02/18;9
07/02/18;27
08/02/18;6
09/02/18;4
10/02/18;4
11/02/18;16
12/02/18;5
13/02/18;11
14/02/18;6
15/02/18;27
16/02/18;23
17/02/18;0
18/02/18;34
19/02/18;40
20/02/18;2
21/02/18;15
22/02/18;1
23/02/18;18
24/02/18;1
25/02/18;2
26/02/18;22
27/02/18;0
28/02/18;2
01/03/18;2
02/03/18;0
03/03/18;2
04/03/18;8
05/03/18;17
06/03/18;14
07/03/18;57
08/03/18;6
09/03/18;1
10/03/18;2
11/03/18;111
12/03/18;0
13/03/18;0
14/03/18;0
15/03/18;0
16/03/18;37
17/03/18;49
18/03/18;40
19/03/18;1
20/03/18;0
21/03/18;2
22/03/18;0
23/03/18;1
24/03/18;107
25/03/18;37
26/03/18;1
27/03/18;12
28/03/18;1
29/03/18;0
30/03/18;31
31/03/18;5
01/04/18;0
02/04/18;8
03/04/18;2
04/04/18;0
05/04/18;1
06/04/18;1
07/04/18;54
08/04/18;2
09/04/18;0
10/04/18;0
11/04/18;1
12/04/18;0
13/04/18;0
14/04/18;0
15/04/18;11
16/04/18;4
17/04/18;16
18/04/18;0
19/04/18;17
20/04/18;31
21/04/18;0
22/04/18;2
23/04/18;0
24/04/18;7
25/04/18;0
26/04/18;0
27/04/18;0
28/04/18;0
29/04/18;0
30/04/18;0
01/05/18;0
02/05/18;0
03/05/18;0
04/05/18;0
05/05/18;0
06/05/18;0
07/05/18;0
08/05/18;0
09/05/18;0
10/05/18;0
11/05/18;0
12/05/18;0
13/05/18;0
14/05/18;0
15/05/18;0
16/05/18;0
17/05/18;40
18/05/18;29
19/05/18;83
20/05/18;38
21/05/18;21
22/05/18;36
23/05/18;0
24/05/18;1
25/05/18;0
26/05/18;0
27/05/18;0
28/05/18;0
29/05/18;0
30/05/18;0
31/05/18;0
01/06/18;0
02/06/18;0
03/06/18;0
04/06/18;0
05/06/18;0
06/06/18;0
07/06/18;0
08/06/18;0
09/06/18;0
10/06/18;0
11/06/18;0
12/06/18;0
13/06/18;0
14/06/18;0
15/06/18;0
16/06/18;0
17/06/18;0
18/06/18;0
19/06/18;1
20/06/18;9
21/06/18;0
22/06/18;0
23/06/18;0
24/06/18;0
25/06/18;4
26/06/18;0
27/06/18;0
28/06/18;0
29/06/18;0
30/06/18;0
01/07/18;0
02/07/18;0
03/07/18;0
04/07/18;0
05/07/18;0
06/07/18;0
07/07/18;0
08/07/18;0
09/07/18;0
10/07/18;0
11/07/18;0
12/07/18;0
13/07/18;0
14/07/18;0
15/07/18;0
16/07/18;0
17/07/18;0
18/07/18;0
19/07/18;0
20/07/18;0
21/07/18;0
22/07/18;0
23/07/18;0
24/07/18;0
25/07/18;0
26/07/18;0
27/07/18;0
28/07/18;0
29/07/18;0
30/07/18;0
31/07/18;0
01/08/18;0
02/08/18;0
03/08/18;0
04/08/18;0
05/08/18;0
06/08/18;0
07/08/18;0
08/08/18;0
09/08/18;0
10/08/18;0
11/08/18;0
12/08/18;0
13/08/18;0
14/08/18;0
15/08/18;0
16/08/18;0
17/08/18;0
18/08/18;0
19/08/18;0
20/08/18;0
21/08/18;0
22/08/18;0
23/08/18;0
24/08/18;0
25/08/18;0
26/08/18;0
27/08/18;0
28/08/18;0
29/08/18;0
30/08/18;0
31/08/18;0
01/09/18;0
02/09/18;0
03/09/18;0
04/09/18;0
05/09/18;0
06/09/18;0
07/09/18;0
08/09/18;0
09/09/18;0
10/09/18;0
11/09/18;0
12/09/18;0
13/09/18;0
14/09/18;0
15/09/18;0
16/09/18;0
17/09/18;0
18/09/18;0
19/09/18;4
20/09/18;1
21/09/18;0
22/09/18;0
23/09/18;0
24/09/18;0
25/09/18;0
26/09/18;0
27/09/18;0
28/09/18;0
29/09/18;0
30/09/18;0
01/10/18;0
02/10/18;1
03/10/18;0
04/10/18;0
05/10/18;0
06/10/18;0
07/10/18;0
08/10/18;0
09/10/18;0
10/10/18;0
11/10/18;0
12/10/18;0
13/10/18;0
14/10/18;0
15/10/18;0
16/10/18;0
17/10/18;0
18/10/18;0
19/10/18;0
20/10/18;0
21/10/18;0
22/10/18;0
23/10/18;0
24/10/18;0
25/10/18;0
26/10/18;0
27/10/18;0
28/10/18;0
29/10/18;0
30/10/18;0
31/10/18;0
01/11/18;0
02/11/18;0
03/11/18;0
04/11/18;0
05/11/18;0
06/11/18;17
07/11/18;8
08/11/18;37
09/11/18;77
10/11/18;33
11/11/18;0
12/11/18;0
13/11/18;8
14/11/18;24
15/11/18;0
16/11/18;0
17/11/18;0
18/11/18;11
19/11/18;0
20/11/18;46
21/11/18;0
22/11/18;0
23/11/18;0
24/11/18;1
25/11/18;6
26/11/18;51
27/11/18;29
28/11/18;6
29/11/18;10
30/11/18;1
01/12/18;0
02/12/18;2
03/12/18;19
04/12/18;33
05/12/18;1
06/12/18;3
07/12/18;3
08/12/18;0
09/12/18;0
10/12/18;11
11/12/18;1
12/12/18;0
13/12/18;3
14/12/18;86
15/12/18;57
16/12/18;0
17/12/18;0
18/12/18;0
19/12/18;0
20/12/18;0
21/12/18;0
22/12/18;16
23/12/18;10
24/12/18;28
25/12/18;16
26/12/18;16
27/12/18;0
28/12/18;0
29/12/18;4
30/12/18;42
31/12/18;28
01/01/19;23
02/01/19;42
03/01/19;12
04/01/19;6
05/01/19;0
06/01/19;2
07/01/19;109
08/01/19;0
09/01/19;1
10/01/19;3
11/01/19;12
12/01/19;3
13/01/19;18
14/01/19;2
15/01/19;12
16/01/19;19
17/01/19;47
18/01/19;8
19/01/19;1
20/01/19;46
21/01/19;2
22/01/19;17
23/01/19;27
24/01/19;67
25/01/19;36
26/01/19;7
27/01/19;11
28/01/19;0
29/01/19;0
30/01/19;28
31/01/19;18
01/02/19;29
02/02/19;1
03/02/19;3
04/02/19;36
05/02/19;19
06/02/19;11
07/02/19;16
08/02/19;0
09/02/19;0
10/02/19;2
11/02/19;0
12/02/19;0
13/02/19;14
14/02/19;11
15/02/19;23
16/02/19;7
17/02/19;13
18/02/19;49
19/02/19;1
20/02/19;11
21/02/19;6
22/02/19;8
23/02/19;18
24/02/19;18
25/02/19;0
26/02/19;0
27/02/19;1
28/02/19;1
01/03/19;7
02/03/19;86
03/03/19;0
04/03/19;84
05/03/19;37
06/03/19;145
07/03/19;3
08/03/19;0
09/03/19;0
10/03/19;9
11/03/19;10
12/03/19;0
13/03/19;43
14/03/19;0
15/03/19;14
16/03/19;51
17/03/19;109
18/03/19;29
19/03/19;41
20/03/19;28
21/03/19;7
22/03/19;18
23/03/19;15
24/03/19;0
25/03/19;25
26/03/19;14
27/03/19;1
28/03/19;32
29/03/19;0
30/03/19;2
31/03/19;28
01/04/19;0
02/04/19;5
03/04/19;21
04/04/19;29
05/04/19;34
06/04/19;3
07/04/19;0
08/04/19;0
09/04/19;10
10/04/19;0
11/04/19;12
12/04/19;20
13/04/19;28
14/04/19;9
15/04/19;4
16/04/19;11
17/04/19;0
18/04/19;14
19/04/19;0
20/04/19;6
21/04/19;0
22/04/19;0
23/04/19;3
24/04/19;1
25/04/19;1
26/04/19;0
27/04/19;113
28/04/19;52
29/04/19;12
30/04/19;0
01/05/19;0
02/05/19;27
03/05/19;0
04/05/19;0
05/05/19;33
06/05/19;9
07/05/19;26
08/05/19;22
09/05/19;0
10/05/19;0
11/05/19;2
12/05/19;0
13/05/19;1
14/05/19;10
15/05/19;2
16/05/19;0
17/05/19;0
18/05/19;0
19/05/19;0
20/05/19;0
21/05/19;0
22/05/19;0
23/05/19;0
24/05/19;0
25/05/19;0
26/05/19;25
27/05/19;0
28/05/19;0
29/05/19;0
30/05/19;0
31/05/19;0
01/06/19;0
02/06/19;0
03/06/19;0
04/06/19;0
05/06/19;0
06/06/19;0
07/06/19;0
08/06/19;0
09/06/19;0
10/06/19;0
11/06/19;0
12/06/19;0
13/06/19;0
14/06/19;0
15/06/19;0
16/06/19;0
17/06/19;0
18/06/19;0
19/06/19;0
20/06/19;0
21/06/19;0
22/06/19;0
23/06/19;0
24/06/19;0
25/06/19;0
26/06/19;0
27/06/19;0
28/06/19;0
29/06/19;0
30/06/19;0
01/07/19;0
02/07/19;0
03/07/19;0
04/07/19;5
05/07/19;0
06/07/19;0
07/07/19;0
08/07/19;0
09/07/19;0
10/07/19;0
11/07/19;0
12/07/19;0
13/07/19;0
14/07/19;0
15/07/19;0
16/07/19;0
17/07/19;0
18/07/19;0
19/07/19;3
20/07/19;1
21/07/19;0
22/07/19;0
23/07/19;0
24/07/19;0
25/07/19;0
26/07/19;0
27/07/19;0
28/07/19;0
29/07/19;0
30/07/19;0
31/07/19;0
01/08/19;0
02/08/19;0
03/08/19;0
04/08/19;0
05/08/19;0
06/08/19;0
07/08/19;0
08/08/19;0
09/08/19;0
10/08/19;0
11/08/19;0
12/08/19;0
13/08/19;0
14/08/19;0
15/08/19;0
16/08/19;0
17/08/19;0
18/08/19;0
19/08/19;0
20/08/19;0
21/08/19;0
22/08/19;1
23/08/19;0
24/08/19;0
25/08/19;0
26/08/19;0
27/08/19;0
28/08/19;0
29/08/19;0
30/08/19;0
31/08/19;0
01/09/19;0
02/09/19;0
03/09/19;0
04/09/19;0
05/09/19;0
06/09/19;0
07/09/19;0
08/09/19;0
09/09/19;0
10/09/19;0
11/09/19;0
12/09/19;0
13/09/19;0
14/09/19;0
15/09/19;0
16/09/19;0
17/09/19;0
18/09/19;0
19/09/19;0
20/09/19;0
21/09/19;0
22/09/19;0
23/09/19;0
24/09/19;0
25/09/19;0
26/09/19;0
27/09/19;0
28/09/19;0
29/09/19;0
30/09/19;0
01/10/19;0
02/10/19;0
03/10/19;0
04/10/19;0
05/10/19;0
06/10/19;0
07/10/19;0
08/10/19;25
09/10/19;0
10/10/19;0
11/10/19;0
12/10/19;0
13/10/19;0
14/10/19;0
15/10/19;0
16/10/19;0
17/10/19;0
18/10/19;0
19/10/19;0
20/10/19;0
21/10/19;0
22/10/19;0
23/10/19;0
24/10/19;0
25/10/19;0
26/10/19;0
27/10/19;5
28/10/19;3
29/10/19;0
30/10/19;0
31/10/19;1
01/11/19;12
02/11/19;13
03/11/19;1
04/11/19;8
05/11/19;0
06/11/19;0
07/11/19;5
08/11/19;1
09/11/19;4
10/11/19;48
11/11/19;0
12/11/19;0
13/11/19;38
14/11/19;0
15/11/19;0
16/11/19;0
17/11/19;0
18/11/19;0
19/11/19;0
20/11/19;7
21/11/19;48
22/11/19;0
23/11/19;0
24/11/19;0
25/11/19;0
26/11/19;0
27/11/19;0
28/11/19;1
29/11/19;0
30/11/19;30
01/12/19;5
02/12/19;3
03/12/19;22
04/12/19;2
05/12/19;13
06/12/19;28
07/12/19;5
08/12/19;0
09/12/19;0
10/12/19;0
11/12/19;0
12/12/19;0
13/12/19;0
14/12/19;24
15/12/19;10
16/12/19;11
17/12/19;9
18/12/19;0
19/12/19;16
20/12/19;0
21/12/19;4
22/12/19;17
23/12/19;0
24/12/19;40
25/12/19;37
26/12/19;15
27/12/19;35
28/12/19;0
29/12/19;16
30/12/19;5
31/12/19;72
01/01/20;72
02/01/20;27
03/01/20;61
04/01/20;2
05/01/20;29
06/01/20;26
07/01/20;1
08/01/20;47
09/01/20;16
10/01/20;34
11/01/20;1
12/01/20;0
13/01/20;0
14/01/20;24
15/01/20;10
16/01/20;0
17/01/20;0
18/01/20;0
19/01/20;0
20/01/20;12
21/01/20;0
22/01/20;1
23/01/20;0
24/01/20;6
25/01/20;39
26/01/20;6
27/01/20;0
28/01/20;12
29/01/20;1
30/01/20;2
31/01/20;49
01/02/20;21
02/02/20;6
03/02/20;12
04/02/20;11
05/02/20;4
06/02/20;38
07/02/20;25
08/02/20;0
09/02/20;2
10/02/20;0
11/02/20;0
12/02/20;10
13/02/20;2
14/02/20;8
15/02/20;11
16/02/20;70
17/02/20;2
18/02/20;17
19/02/20;79
20/02/20;3
21/02/20;2
22/02/20;14
23/02/20;0
24/02/20;3
25/02/20;4
26/02/20;51
27/02/20;47
28/02/20;40
29/02/20;2
01/03/20;71
02/03/20;22
03/03/20;28
04/03/20;90
05/03/20;6
06/03/20;31
07/03/20;32
08/03/20;26
09/03/20;2
10/03/20;0
11/03/20;5
12/03/20;0
13/03/20;0
14/03/20;3
15/03/20;1
16/03/20;0
17/03/20;34
18/03/20;3
19/03/20;38
20/03/20;9
21/03/20;0
22/03/20;17
23/03/20;50
24/03/20;6
25/03/20;62
26/03/20;2
27/03/20;0
28/03/20;8
29/03/20;29
30/03/20;2
31/03/20;9
01/04/20;34
02/04/20;8
03/04/20;76
04/04/20;37
05/04/20;29
06/04/20;39
07/04/20;12
08/04/20;0
09/04/20;19
10/04/20;0
11/04/20;23
12/04/20;0
13/04/20;0
14/04/20;0
15/04/20;9
16/04/20;0
17/04/20;34
18/04/20;2
19/04/20;0
20/04/20;0
21/04/20;0
22/04/20;0
23/04/20;5
24/04/20;0
25/04/20;0
26/04/20;0
27/04/20;13
28/04/20;62
29/04/20;53
30/04/20;1
01/05/20;0
02/05/20;0
03/05/20;0
04/05/20;0
05/05/20;8
06/05/20;1
07/05/20;0
08/05/20;3
09/05/20;43
10/05/20;0
11/05/20;15
12/05/20;1
13/05/20;0
14/05/20;8
15/05/20;0
16/05/20;0
17/05/20;3
18/05/20;72
19/05/20;71
20/05/20;15
21/05/20;0
22/05/20;0
23/05/20;0
24/05/20;0
25/05/20;0
26/05/20;29
27/05/20;115
28/05/20;13
29/05/20;33
30/05/20;3
31/05/20;13
01/06/20;0
02/06/20;2
03/06/20;0
04/06/20;0
05/06/20;0
06/06/20;3
07/06/20;0
08/06/20;0
09/06/20;0
10/06/20;0
11/06/20;0
12/06/20;0
13/06/20;0
14/06/20;1
15/06/20;0
16/06/20;0
17/06/20;0
18/06/20;0
19/06/20;0
20/06/20;0
21/06/20;2
22/06/20;1
23/06/20;0
24/06/20;0
25/06/20;0
26/06/20;0
27/06/20;0
28/06/20;0
29/06/20;0
30/06/20;0
01/07/20;10
02/07/20;0
03/07/20;0
04/07/20;0
05/07/20;0
06/07/20;3
07/07/20;0
08/07/20;0
09/07/20;0
10/07/20;0
11/07/20;0
12/07/20;0
13/07/20;0
14/07/20;0
15/07/20;0
16/07/20;0
17/07/20;0
18/07/20;0
19/07/20;0
20/07/20;0
21/07/20;0
22/07/20;0
23/07/20;0
24/07/20;0
25/07/20;0
26/07/20;0
27/07/20;0
28/07/20;0
29/07/20;0
30/07/20;0
31/07/20;0
01/08/20;0
02/08/20;0
03/08/20;0
04/08/20;0
05/08/20;0
06/08/20;0
07/08/20;0
08/08/20;0
09/08/20;0
10/08/20;0
11/08/20;56
12/08/20;0
13/08/20;0
14/08/20;0
15/08/20;5
16/08/20;0
17/08/20;0
18/08/20;0
19/08/20;0
20/08/20;0
21/08/20;0
22/08/20;0
23/08/20;0
24/08/20;0
25/08/20;0
26/08/20;0
27/08/20;0
28/08/20;0
29/08/20;0
30/08/20;0
31/08/20;0
01/09/20;0
02/09/20;0
03/09/20;6
04/09/20;0
05/09/20;0
06/09/20;0
07/09/20;0
08/09/20;0
09/09/20;0
10/09/20;0
11/09/20;0
12/09/20;0
13/09/20;0
14/09/20;0
15/09/20;0
16/09/20;0
17/09/20;0
18/09/20;0
19/09/20;0
20/09/20;0
21/09/20;0
22/09/20;0
23/09/20;0
24/09/20;0
25/09/20;0
26/09/20;0
27/09/20;0
28/09/20;0
29/09/20;0
30/09/20;0
01/10/20;0
02/10/20;0
03/10/20;0
04/10/20;0
05/10/20;0
06/10/20;0
07/10/20;0
08/10/20;0
09/10/20;0
10/10/20;6
11/10/20;0
12/10/20;0
13/10/20;0
14/10/20;0
15/10/20;0
16/10/20;0
17/10/20;0
18/10/20;0
19/10/20;0
20/10/20;12
21/10/20;12
22/10/20;21
23/10/20;14
24/10/20;0
25/10/20;1
26/10/20;4
27/10/20;10
28/10/20;1
29/10/20;8
30/10/20;0
31/10/20;52
01/11/20;79
02/11/20;121
03/11/20;0
04/11/20;0
05/11/20;0
06/11/20;0
07/11/20;0
08/11/20;0
09/11/20;0
10/11/20;0
11/11/20;0
12/11/20;2
13/11/20;2
14/11/20;0
15/11/20;21
16/11/20;0
17/11/20;5
18/11/20;0
19/11/20;5
20/11/20;4
21/11/20;39
22/11/20;60
23/11/20;28
24/11/20;34
25/11/20;10
26/11/20;4
27/11/20;34
28/11/20;55
29/11/20;93
30/11/20;0
01/12/20;22
02/12/20;42
03/12/20;17
04/12/20;55
05/12/20;271
06/12/20;2
07/12/20;1
08/12/20;20
09/12/20;31
10/12/20;12
11/12/20;37
12/12/20;41
13/12/20;94
14/12/20;1
15/12/20;0
16/12/20;2
17/12/20;44
18/12/20;43
19/12/20;22
20/12/20;0
21/12/20;2
22/12/20;1
23/12/20;0
24/12/20;0
25/12/20;9
26/12/20;2
27/12/20;7
28/12/20;0
29/12/20;55
30/12/20;64
31/12/20;18
01/01/21;44
02/01/21;1
03/01/21;17
04/01/21;2
05/01/21;22
06/01/21;9
07/01/21;20
08/01/21;16
09/01/21;24
10/01/21;17
11/01/21;8
12/01/21;39
13/01/21;12
14/01/21;0
15/01/21;14
16/01/21;44
17/01/21;32
18/01/21;11
19/01/21;0
20/01/21;7
21/01/21;10
22/01/21;2
23/01/21;0
24/01/21;49
25/01/21;0
26/01/21;80
27/01/21;69
28/01/21;27
29/01/21;5
30/01/21;0
31/01/21;10
01/02/21;8
02/02/21;9
03/02/21;74
04/02/21;33
05/02/21;7
06/02/21;1
07/02/21;11
08/02/21;0
09/02/21;36
10/02/21;0
11/02/21;1
12/02/21;9
13/02/21;1
14/02/21;2
15/02/21;2
16/02/21;2
17/02/21;43
18/02/21;41
19/02/21;0
20/02/21;0
21/02/21;0
22/02/21;0
23/02/21;72
24/02/21;12
25/02/21;8
26/02/21;11
27/02/21;2
28/02/21;5
01/03/21;6
02/03/21;9
03/03/21;21
04/03/21;4
05/03/21;6
06/03/21;43
07/03/21;64
08/03/21;18
09/03/21;12
10/03/21;0
11/03/21;11
12/03/21;106
13/03/21;1
14/03/21;56
15/03/21;8
16/03/21;25
17/03/21;28
18/03/21;77
19/03/21;3
20/03/21;0
21/03/21;0
22/03/21;2
23/03/21;0
24/03/21;0
25/03/21;7
26/03/21;5
27/03/21;68
28/03/21;1
29/03/21;15
30/03/21;16
31/03/21;6
01/04/21;59
02/04/21;0
03/04/21;0
04/04/21;58
05/04/21;0
06/04/21;42
07/04/21;18
08/04/21;8
09/04/21;17
10/04/21;7
11/04/21;18
12/04/21;33
13/04/21;24
14/04/21;177
15/04/21;44
16/04/21;0
17/04/21;0
18/04/21;0
19/04/21;0
20/04/21;0
21/04/21;0
22/04/21;0
23/04/21;0
24/04/21;0
25/04/21;0
26/04/21;0
27/04/21;0
28/04/21;0
29/04/21;3
30/04/21;50
01/05/21;0
02/05/21;0
03/05/21;0
04/05/21;1
05/05/21;31
06/05/21;16
07/05/21;0
08/05/21;0
09/05/21;0
10/05/21;0
11/05/21;0
12/05/21;0
13/05/21;1
14/05/21;0
15/05/21;0
16/05/21;0
17/05/21;1
18/05/21;0
19/05/21;23
20/05/21;3
21/05/21;0
22/05/21;4
23/05/21;19
24/05/21;40
25/05/21;0
26/05/21;0
27/05/21;0
28/05/21;10
29/05/21;10
30/05/21;0
31/05/21;0
01/06/21;9
02/06/21;16
03/06/21;0
04/06/21;0
05/06/21;0
06/06/21;0
07/06/21;0
08/06/21;0
09/06/21;0
10/06/21;5
11/06/21;32
12/06/21;8
13/06/21;0
14/06/21;0
15/06/21;3
16/06/21;42
17/06/21;0
18/06/21;17
19/06/21;13
20/06/21;49
21/06/21;17
22/06/21;35
23/06/21;1
24/06/21;34
25/06/21;10
26/06/21;2
27/06/21;1
28/06/21;13
29/06/21;0
30/06/21;0
01/07/21;0
02/07/21;0
03/07/21;0
04/07/21;0
05/07/21;0
06/07/21;0
07/07/21;0
08/07/21;0
09/07/21;17
10/07/21;12
11/07/21;0
12/07/21;0
13/07/21;0
14/07/21;0
15/07/21;0
16/07/21;0
17/07/21;0
18/07/21;0
19/07/21;0
20/07/21;0
21/07/21;0
22/07/21;0
23/07/21;0
24/07/21;0
25/07/21;0
26/07/21;0
27/07/21;0
28/07/21;0
29/07/21;0
30/07/21;0
31/07/21;0
01/08/21;0
02/08/21;0
03/08/21;0
04/08/21;0
05/08/21;57
06/08/21;0
07/08/21;2
08/08/21;0
09/08/21;0
10/08/21;0
11/08/21;0
12/08/21;0
13/08/21;0
14/08/21;0
15/08/21;0
16/08/21;0
17/08/21;0
18/08/21;0
19/08/21;0
20/08/21;0
21/08/21;0
22/08/21;0
23/08/21;0
24/08/21;0
25/08/21;0
26/08/21;0
27/08/21;0
28/08/21;0
29/08/21;0
30/08/21;0
31/08/21;0
01/09/21;0
02/09/21;0
03/09/21;0
04/09/21;0
05/09/21;0
06/09/21;2
07/09/21;0
08/09/21;0
09/09/21;0
10/09/21;0
11/09/21;15
12/09/21;20
13/09/21;0
14/09/21;20
15/09/21;0
16/09/21;0
17/09/21;0
18/09/21;0
19/09/21;0
20/09/21;0
21/09/21;3
22/09/21;8
23/09/21;5
24/09/21;15
25/09/21;5
26/09/21;20
27/09/21;0
28/09/21;0
29/09/21;0
30/09/21;0
01/10/21;0
02/10/21;0
03/10/21;0
04/10/21;0
05/10/21;0
06/10/21;0
07/10/21;0
08/10/21;0
09/10/21;0
10/10/21;0
11/10/21;0
12/10/21;0
13/10/21;0
14/10/21;0
15/10/21;0
16/10/21;0
17/10/21;0
18/10/21;12
19/10/21;10
20/10/21;0
21/10/21;0
22/10/21;1
23/10/21;7
24/10/21;0
25/10/21;0
26/10/21;14
27/10/21;14
28/10/21;2
29/10/21;7
30/10/21;0
31/10/21;2
01/11/21;0
02/11/21;31
03/11/21;6
04/11/21;30
05/11/21;6
06/11/21;3
07/11/21;62
08/11/21;85
09/11/21;49
10/11/21;5
11/11/21;32
12/11/21;19
13/11/21;32
14/11/21;3
15/11/21;45
16/11/21;24
17/11/21;77
18/11/21;49
19/11/21;19
20/11/21;5
21/11/21;6
22/11/21;0
23/11/21;26
24/11/21;2
25/11/21;16
26/11/21;47
27/11/21;49
28/11/21;2
29/11/21;7
30/11/21;11
01/12/21;3
02/12/21;0
03/12/21;1
04/12/21;21
05/12/21;6
06/12/21;2
07/12/21;14
08/12/21;53
09/12/21;28
10/12/21;55
11/12/21;52
12/12/21;1
13/12/21;0
14/12/21;0
15/12/21;12
16/12/21;18
17/12/21;8
18/12/21;17
19/12/21;13
20/12/21;3
21/12/21;5
22/12/21;0
23/12/21;71
24/12/21;0
25/12/21;29
26/12/21;3
27/12/21;39
28/12/21;16
29/12/21;4
30/12/21;2
31/12/21;12
01/01/22;48
02/01/22;0
03/01/22;0
04/01/22;0
05/01/22;0
06/01/22;0
07/01/22;2
08/01/22;5
09/01/22;25
10/01/22;8
11/01/22;30
12/01/22;12
13/01/22;9
14/01/22;10
15/01/22;36
16/01/22;26
17/01/22;3
18/01/22;34
19/01/22;11
20/01/22;34
21/01/22;7
22/01/22;25
23/01/22;6
24/01/22;0
25/01/22;29
26/01/22;21
27/01/22;28
28/01/22;7
29/01/22;31
30/01/22;9
31/01/22;5
01/02/22;8
02/02/22;0
03/02/22;23
04/02/22;7
05/02/22;3
06/02/22;67
07/02/22;1
08/02/22;7
09/02/22;2
10/02/22;0
11/02/22;34
12/02/22;43
13/02/22;38
14/02/22;41
15/02/22;3
16/02/22;3
17/02/22;9
18/02/22;1
19/02/22;0
20/02/22;0
21/02/22;10
22/02/22;1
23/02/22;0
24/02/22;2
25/02/22;10
26/02/22;58
27/02/22;8
28/02/22;4
01/03/22;48
02/03/22;17
03/03/22;40
04/03/22;0
05/03/22;7
06/03/22;1
07/03/22;26
08/03/22;41
09/03/22;1
10/03/22;34
11/03/22;67
12/03/22;8
13/03/22;22
14/03/22;2
15/03/22;23
16/03/22;21
17/03/22;0
18/03/22;0
19/03/22;61
20/03/22;17
21/03/22;21
22/03/22;0
23/03/22;15
24/03/22;0
25/03/22;0
26/03/22;23
27/03/22;0
28/03/22;0
29/03/22;0
30/03/22;31
31/03/22;0
01/04/22;2
02/04/22;0
03/04/22;57
04/04/22;74
05/04/22;1
06/04/22;0
07/04/22;7
08/04/22;68
09/04/22;20
10/04/22;69
11/04/22;3
12/04/22;3
13/04/22;20
14/04/22;21
15/04/22;0
16/04/22;35
17/04/22;10
18/04/22;18
19/04/22;40
20/04/22;5
21/04/22;12
22/04/22;0
23/04/22;28
24/04/22;8
25/04/22;46
26/04/22;1
27/04/22;0
28/04/22;0
29/04/22;0
30/04/22;30
01/05/22;0
02/05/22;0
03/05/22;0
04/05/22;0
05/05/22;2
06/05/22;2
07/05/22;15
08/05/22;15
09/05/22;29
10/05/22;56
11/05/22;0
12/05/22;0
13/05/22;2
14/05/22;10
15/05/22;0
16/05/22;0
17/05/22;1
18/05/22;29
19/05/22;7
20/05/22;19
21/05/22;2
22/05/22;0
23/05/22;0
24/05/22;0
25/05/22;11
26/05/22;28
27/05/22;27
28/05/22;0
29/05/22;0
30/05/22;0
31/05/22;36
01/06/22;0
02/06/22;0
03/06/22;0
04/06/22;1
05/06/22;18
06/06/22;4
07/06/22;0
08/06/22;7
09/06/22;0
10/06/22;0
11/06/22;17
12/06/22;2
13/06/22;11
14/06/22;0
15/06/22;0
16/06/22;6
17/06/22;1
18/06/22;0
19/06/22;1
20/06/22;18
21/06/22;21
22/06/22;0
23/06/22;5
24/06/22;0
25/06/22;0
26/06/22;16
27/06/22;0
28/06/22;0
29/06/22;0
30/06/22;0
01/07/22;0
02/07/22;0
03/07/22;3
04/07/22;0
05/07/22;25
06/07/22;1
07/07/22;0
08/07/22;0
09/07/22;0
10/07/22;0
11/07/22;0
12/07/22;0
13/07/22;24
14/07/22;0
15/07/22;1
16/07/22;0
17/07/22;0
18/07/22;0
19/07/22;0
20/07/22;0
21/07/22;1
22/07/22;0
23/07/22;0
24/07/22;0
25/07/22;0
26/07/22;0
27/07/22;0
28/07/22;0
29/07/22;0
30/07/22;0
31/07/22;0
01/08/22;0
02/08/22;0
03/08/22;1
04/08/22;0
05/08/22;0
06/08/22;0
07/08/22;0
08/08/22;0
09/08/22;0
10/08/22;0
11/08/22;0
12/08/22;0
13/08/22;11
14/08/22;20
15/08/22;39
16/08/22;0
17/08/22;0
18/08/22;0
19/08/22;0
20/08/22;0
21/08/22;4
22/08/22;0
23/08/22;0
24/08/22;0
25/08/22;0
26/08/22;1
27/08/22;0
28/08/22;0
29/08/22;0
30/08/22;0
31/08/22;9
01/09/22;0
02/09/22;0
03/09/22;0
04/09/22;0
05/09/22;0
06/09/22;0
07/09/22;1
08/09/22;3
09/09/22;23
10/09/22;11
11/09/22;2
12/09/22;0
13/09/22;0
14/09/22;0
15/09/22;0
16/09/22;0
17/09/22;0
18/09/22;0
19/09/22;0
20/09/22;1
21/09/22;0
22/09/22;0
23/09/22;4
24/09/22;0
25/09/22;0
26/09/22;0
27/09/22;0
28/09/22;0
29/09/22;0
30/09/22;17
01/10/22;1
02/10/22;24
03/10/22;54
04/10/22;52
05/10/22;33
06/10/22;10
07/10/22;0
08/10/22;23
09/10/22;0
10/10/22;1
11/10/22;0
12/10/22;1
13/10/22;69
14/10/22;6
15/10/22;0
16/10/22;4
17/10/22;14
18/10/22;9
19/10/22;16
20/10/22;12
21/10/22;89
22/10/22;1
23/10/22;44
24/10/22;5
25/10/22;10
26/10/22;5
27/10/22;0
28/10/22;0
29/10/22;0
30/10/22;0
31/10/22;0
01/11/22;10
02/11/22;2
03/11/22;0
04/11/22;20
05/11/22;0
06/11/22;25
07/11/22;58
08/11/22;51
09/11/22;43
10/11/22;86
11/11/22;1
12/11/22;66
13/11/22;7
14/11/22;32
15/11/22;0
16/11/22;0
17/11/22;19
18/11/22;82
19/11/22;0
20/11/22;3
21/11/22;3
22/11/22;0
23/11/22;1
24/11/22;14
25/11/22;103
26/11/22;41
27/11/22;38
28/11/22;1
29/11/22;2
30/11/22;43
01/12/22;0
02/12/22;9
03/12/22;1
04/12/22;32
05/12/22;26
06/12/22;1
07/12/22;0
08/12/22;1
09/12/22;1
10/12/22;0
11/12/22;0
12/12/22;4
13/12/22;22
14/12/22;4
15/12/22;62
16/12/22;16
17/12/22;0
18/12/22;0
19/12/22;6
20/12/22;0
21/12/22;7
22/12/22;35
23/12/22;58
24/12/22;17
25/12/22;34
26/12/22;24
27/12/22;4
28/12/22;30
29/12/22;4
30/12/22;0
31/12/22;3
01/01/23;2
02/01/23;5
03/01/23;0
04/01/23;2
05/01/23;6
06/01/23;4
07/01/23;5
08/01/23;0
09/01/23;7
10/01/23;0
11/01/23;2
12/01/23;0
13/01/23;0
14/01/23;38
15/01/23;12
16/01/23;14
17/01/23;26
18/01/23;0
19/01/23;3
20/01/23;4
21/01/23;0
22/01/23;0
23/01/23;0
24/01/23;5
25/01/23;61
26/01/23;42
27/01/23;34
28/01/23;0
29/01/23;5
30/01/23;6
31/01/23;8
01/02/23;24
02/02/23;10
03/02/23;0
04/02/23;9
05/02/23;3
06/02/23;0
07/02/23;17
08/02/23;14
09/02/23;16
10/02/23;62
11/02/23;7
12/02/23;25
13/02/23;86
14/02/23;174
15/02/23;50
16/02/23;26
17/02/23;41
18/02/23;6
19/02/23;14
20/02/23;18
21/02/23;5
22/02/23;51
23/02/23;4
24/02/23;12
25/02/23;31
26/02/23;12
27/02/23;5
28/02/23;45
01/03/23;19
02/03/23;17
03/03/23;0
04/03/23;0
05/03/23;6
06/03/23;0
07/03/23;0
08/03/23;1
09/03/23;23
10/03/23;0
11/03/23;0
12/03/23;36
13/03/23;0
14/03/23;2
15/03/23;0
16/03/23;0
17/03/23;10
18/03/23;20
19/03/23;0
20/03/23;12
21/03/23;1
22/03/23;2
23/03/23;33
24/03/23;119
25/03/23;37
26/03/23;1
27/03/23;49
28/03/23;0
29/03/23;2
30/03/23;0
31/03/23;1
01/04/23;14
02/04/23;2
03/04/23;1
04/04/23;0
05/04/23;0
06/04/23;6
07/04/23;0
08/04/23;15
09/04/23;3
10/04/23;48
11/04/23;0
12/04/23;5
13/04/23;2
14/04/23;0
15/04/23;0
16/04/23;0
17/04/23;0
18/04/23;0
19/04/23;0
20/04/23;0
21/04/23;2
22/04/23;25
23/04/23;31
24/04/23;22
25/04/23;1
26/04/23;0
27/04/23;4
28/04/23;22
29/04/23;0
30/04/23;0
01/05/23;4
02/05/23;0
03/05/23;37
04/05/23;26
05/05/23;15
06/05/23;37
07/05/23;15
08/05/23;0
09/05/23;0
10/05/23;3
11/05/23;24
12/05/23;1
13/05/23;0
14/05/23;0
15/05/23;0
16/05/23;0
17/05/23;0
18/05/23;0
19/05/23;0
20/05/23;0
21/05/23;0
22/05/23;0
23/05/23;0
24/05/23;0
25/05/23;0
26/05/23;0
27/05/23;0
28/05/23;0
29/05/23;0
30/05/23;0
31/05/23;0
01/06/23;0
02/06/23;0
03/06/23;0
04/06/23;0
05/06/23;19
06/06/23;0
07/06/23;1
08/06/23;0
09/06/23;0
10/06/23;0
11/06/23;0
12/06/23;0
13/06/23;0
14/06/23;0
15/06/23;0
16/06/23;0
17/06/23;0
18/06/23;0
19/06/23;10
20/06/23;39
21/06/23;0
22/06/23;0
23/06/23;0
24/06/23;0
25/06/23;0
26/06/23;0
27/06/23;0
28/06/23;0
29/06/23;0
30/06/23;0
01/07/23;0
02/07/23;0
03/07/23;0
04/07/23;0
05/07/23;0
06/07/23;4
07/07/23;11
08/07/23;0
09/07/23;0
10/07/23;0
11/07/23;0
12/07/23;0
13/07/23;0
14/07/23;0
15/07/23;0
16/07/23;0
17/07/23;0
18/07/23;0
19/07/23;0
20/07/23;0
21/07/23;0
22/07/23;0
23/07/23;0
24/07/23;0
25/07/23;0
26/07/23;0
27/07/23;0
28/07/23;0
29/07/23;0
30/07/23;0
31/07/23;0
01/08/23;0
02/08/23;0
03/08/23;0
04/08/23;0
05/08/23;0
06/08/23;0
07/08/23;0
08/08/23;0
09/08/23;0
10/08/23;0
11/08/23;0
12/08/23;0
13/08/23;0
14/08/23;0
15/08/23;0
16/08/23;0
17/08/23;0
18/08/23;0
19/08/23;0
20/08/23;0
21/08/23;0
22/08/23;0
23/08/23;0
24/08/23;0
25/08/23;0
26/08/23;0
27/08/23;0
28/08/23;0
29/08/23;0
30/08/23;0
31/08/23;0
01/09/23;0
02/09/23;0
03/09/23;0
04/09/23;0
05/09/23;0
06/09/23;0
07/09/23;0
08/09/23;0
09/09/23;0
10/09/23;0
11/09/23;0
12/09/23;0
13/09/23;0
14/09/23;0
15/09/23;0
16/09/23;0
17/09/23;0
18/09/23;0
19/09/23;0
20/09/23;0
21/09/23;0
22/09/23;0
23/09/23;0
24/09/23;0
25/09/23;0
26/09/23;0
27/09/23;0
28/09/23;0
29/09/23;0
30/09/23;0
01/10/23;0
02/10/23;0
03/10/23;0
04/10/23;0
05/10/23;0
06/10/23;0
07/10/23;0
08/10/23;0
09/10/23;0
10/10/23;0
11/10/23;0
12/10/23;0
13/10/23;0
14/10/23;0
15/10/23;0
16/10/23;0
17/10/23;0
18/10/23;0
19/10/23;0
20/10/23;0
21/10/23;0
22/10/23;45
23/10/23;0
24/10/23;0
25/10/23;0
26/10/23;0
27/10/23;0
28/10/23;0
29/10/23;0
30/10/23;0
31/10/23;0
01/11/23;0
02/11/23;0
03/11/23;40
04/11/23;5
05/11/23;0
06/11/23;0
07/11/23;0
08/11/23;0
09/11/23;7
10/11/23;21
11/11/23;4
12/11/23;1
13/11/23;41
14/11/23;1
15/11/23;5
16/11/23;8
17/11/23;0
18/11/23;0
19/11/23;0
20/11/23;0
21/11/23;7
22/11/23;0
23/11/23;0
24/11/23;4
25/11/23;11
26/11/23;0
27/11/23;6
28/11/23;14
29/11/23;3
30/11/23;47
01/12/23;72
02/12/23;40
03/12/23;5
04/12/23;14
05/12/23;6
06/12/23;11
07/12/23;5
08/12/23;20
09/12/23;6
10/12/23;10
11/12/23;0
12/12/23;0
13/12/23;30
14/12/23;0
15/12/23;0
16/12/23;0
17/12/23;0
18/12/23;0
19/12/23;0
20/12/23;0
21/12/23;0
22/12/23;1
23/12/23;0
24/12/23;0
25/12/23;3
26/12/23;0
27/12/23;1
28/12/23;4
29/12/23;0
30/12/23;18
31/12/23;9
01/01/24;39
02/01/24;0
03/01/24;1
04/01/24;29
05/01/24;36
06/01/24;22
07/01/24;40
08/01/24;28
09/01/24;36
10/01/24;24
11/01/24;33
12/01/24;0
13/01/24;0
14/01/24;0
15/01/24;0
16/01/24;3
17/01/24;19
18/01/24;73
19/01/24;42
20/01/24;39
21/01/24;25
22/01/24;28
23/01/24;6
24/01/24;1
25/01/24;1
26/01/24;2
27/01/24;11
28/01/24;11
29/01/24;3
30/01/24;13
31/01/24;43
01/02/24;14
02/02/24;9
03/02/24;37
04/02/24;27
05/02/24;2
06/02/24;1
07/02/24;1
08/02/24;12
09/02/24;33
10/02/24;86
11/02/24;17
12/02/24;1
13/02/24;19
14/02/24;44
15/02/24;1
16/02/24;6
17/02/24;5
18/02/24;10
19/02/24;5
20/02/24;43
21/02/24;39
22/02/24;0
23/02/24;0
24/02/24;0
25/02/24;25
26/02/24;19
27/02/24;25
28/02/24;65
29/02/24;40
01/03/24;3
02/03/24;6
03/03/24;103
04/03/24;9
05/03/24;54
06/03/24;2
07/03/24;0
08/03/24;52
09/03/24;86
10/03/24;0
11/03/24;1
12/03/24;0
13/03/24;3
14/03/24;30
15/03/24;2
16/03/24;0
17/03/24;4
18/03/24;0
19/03/24;0
20/03/24;9
21/03/24;8
22/03/24;21
23/03/24;0
24/03/24;5
25/03/24;7
26/03/24;20
27/03/24;0
28/03/24;10
29/03/24;20
30/03/24;0
31/03/24;0
01/04/24;15
02/04/24;4
03/04/24;0
04/04/24;40
05/04/24;0
06/04/24;0
07/04/24;0
08/04/24;0
09/04/24;0
10/04/24;53
11/04/24;13
12/04/24;40
13/04/24;17
14/04/24;22
15/04/24;1
16/04/24;0
17/04/24;4
18/04/24;45
19/04/24;22
20/04/24;4
21/04/24;77
22/04/24;1
23/04/24;68
24/04/24;0
25/04/24;3
26/04/24;4
27/04/24;0
28/04/24;1
29/04/24;0
30/04/24;21
01/05/24;0
02/05/24;0
03/05/24;0
04/05/24;0
05/05/24;0
06/05/24;0
07/05/24;0
08/05/24;20
09/05/24;12
10/05/24;0
11/05/24;0
12/05/24;12
13/05/24;0
14/05/24;57
15/05/24;9
16/05/24;0
17/05/24;0
18/05/24;0
19/05/24;0
20/05/24;0
21/05/24;0
22/05/24;0
23/05/24;43
24/05/24;4
25/05/24;0
26/05/24;9
27/05/24;0
28/05/24;0
29/05/24;0
30/05/24;0
31/05/24;0
01/06/24;0
02/06/24;0
03/06/24;0
04/06/24;0
05/06/24;0
06/06/24;0
07/06/24;0
08/06/24;0
09/06/24;5
10/06/24;0
11/06/24;1
12/06/24;47
13/06/24;0
14/06/24;0
15/06/24;22
16/06/24;0
17/06/24;0
18/06/24;0
19/06/24;0
20/06/24;0
21/06/24;0
22/06/24;0
23/06/24;0
24/06/24;0
25/06/24;4
26/06/24;0
27/06/24;10
28/06/24;1
29/06/24;0
30/06/24;0
01/07/24;0
02/07/24;0
03/07/24;1
04/07/24;7
05/07/24;0
06/07/24;34
07/07/24;34
08/07/24;0
09/07/24;0
10/07/24;0
11/07/24;0
12/07/24;0
13/07/24;0
14/07/24;0
15/07/24;0
16/07/24;0
17/07/24;0
18/07/24;0
19/07/24;0
20/07/24;0
21/07/24;0
22/07/24;0
23/07/24;0
24/07/24;0
25/07/24;0
26/07/24;0
27/07/24;0
28/07/24;0
29/07/24;0
30/07/24;0
31/07/24;2
01/08/24;0
02/08/24;40
03/08/24;0
04/08/24;0
05/08/24;0
06/08/24;0
07/08/24;0
08/08/24;0
09/08/24;0
10/08/24;0
11/08/24;0
12/08/24;0
13/08/24;0
14/08/24;0
15/08/24;0
16/08/24;0
17/08/24;0
18/08/24;0
19/08/24;0
20/08/24;0
21/08/24;0
22/08/24;0
23/08/24;0
24/08/24;0
25/08/24;0
26/08/24;0
27/08/24;0
28/08/24;0
29/08/24;0
30/08/24;0
31/08/24;0
01/09/24;0
02/09/24;0
03/09/24;0
04/09/24;0
05/09/24;0
06/09/24;0
07/09/24;0
08/09/24;1
09/09/24;32
10/09/24;4
11/09/24;0
12/09/24;0
13/09/24;0
14/09/24;0
15/09/24;0
16/09/24;0
17/09/24;0
18/09/24;0
19/09/24;0
20/09/24;0
21/09/24;0
22/09/24;0
23/09/24;15
24/09/24;8
25/09/24;13
26/09/24;15
27/09/24;0
28/09/24;0
29/09/24;0
30/09/24;0
01/10/24;0
02/10/24;9
03/10/24;0
04/10/24;0
05/10/24;0
06/10/24;0
07/10/24;0
08/10/24;0
09/10/24;0
10/10/24;0
11/10/24;0
12/10/24;0
13/10/24;0
14/10/24;0
15/10/24;0
16/10/24;0
17/10/24;0
18/10/24;0
19/10/24;3
20/10/24;26
21/10/24;1
22/10/24;14
23/10/24;0
24/10/24;0
25/10/24;2
26/10/24;1
27/10/24;0
28/10/24;0
29/10/24;0
30/10/24;12
31/10/24;1
01/11/24;21
02/11/24;8
03/11/24;47
04/11/24;7
05/11/24;3
06/11/24;2
07/11/24;23
08/11/24;3
09/11/24;3
10/11/24;15
11/11/24;42
12/11/24;4
13/11/24;0
14/11/24;0
15/11/24;0
16/11/24;32
17/11/24;12
18/11/24;5
19/11/24;20
20/11/24;9
21/11/24;4
22/11/24;25
23/11/24;3
24/11/24;34
25/11/24;30
26/11/24;1
27/11/24;91
28/11/24;29
29/11/24;13
30/11/24;33
01/12/24;4
02/12/24;81
03/12/24;3
04/12/24;3
05/12/24;30
06/12/24;19
07/12/24;6
08/12/24;50
09/12/24;3
10/12/24;37
11/12/24;18
12/12/24;2
13/12/24;10
14/12/24;29
15/12/24;119
16/12/24;9
17/12/24;25
18/12/24;12
19/12/24;0
20/12/24;45
21/12/24;11
22/12/24;10
23/12/24;64
24/12/24;3
25/12/24;4
26/12/24;18
27/12/24;2
28/12/24;12
29/12/24;3
30/12/24;30
31/12/24;6
01/01/25;9
02/01/25;4
03/01/25;0
04/01/25;21
05/01/25;8
06/01/25;46
07/01/25;10
08/01/25;0
09/01/25;0
10/01/25;7
11/01/25;5
12/01/25;38
13/01/25;6
14/01/25;48
15/01/25;1
16/01/25;0
17/01/25;19
18/01/25;3
19/01/25;53
20/01/25;8
21/01/25;38
22/01/25;23
23/01/25;1
24/01/25;22
25/01/25;3
26/01/25;9
27/01/25;90
28/01/25;9
29/01/25;16
30/01/25;2
31/01/25;1
01/02/25;0
02/02/25;0
03/02/25;0
04/02/25;0
05/02/25;2
06/02/25;0
07/02/25;24
08/02/25;5
09/02/25;22
10/02/25;21
11/02/25;0
12/02/25;0
13/02/25;8
14/02/25;36
15/02/25;0
16/02/25;12
17/02/25;34
18/02/25;1
19/02/25;28
20/02/25;5
21/02/25;36
22/02/25;4
23/02/25;13
24/02/25;45
25/02/25;5
26/02/25;45
27/02/25;57
28/02/25;55
01/03/25;2
02/03/25;13
03/03/25;9
04/03/25;24
05/03/25;0
06/03/25;3
07/03/25;3
08/03/25;93
09/03/25;7
10/03/25;16
11/03/25;0
12/03/25;2
13/03/25;15
14/03/25;1
15/03/25;15
16/03/25;7
17/03/25;1
18/03/25;31
19/03/25;15
20/03/25;4
21/03/25;0
22/03/25;2
23/03/25;4
24/03/25;5
25/03/25;0
26/03/25;5
27/03/25;0
28/03/25;121
29/03/25;1
30/03/25;0
31/03/25;75
01/04/25;8
02/04/25;6
03/04/25;55
04/04/25;0
05/04/25;0
06/04/25;0
07/04/25;0
08/04/25;17
09/04/25;0
10/04/25;10
11/04/25;4
12/04/25;8
13/04/25;25
14/04/25;0
15/04/25;0
16/04/25;0
17/04/25;1
18/04/25;5
19/04/25;0
20/04/25;0
21/04/25;0
22/04/25;0
23/04/25;0
24/04/25;0
25/04/25;11
26/04/25;1
27/04/25;0
28/04/25;0
29/04/25;0
30/04/25;0
01/05/25;2
02/05/25;13
03/05/25;0
04/05/25;28
05/05/25;0
06/05/25;20
07/05/25;12
08/05/25;52
09/05/25;10
10/05/25;0
11/05/25;36
12/05/25;3
13/05/25;72
14/05/25;66
15/05/25;8
16/05/25;10
17/05/25;28
18/05/25;11
19/05/25;69
20/05/25;31
21/05/25;6
22/05/25;25
23/05/25;21
24/05/25;0
25/05/25;0
26/05/25;12
27/05/25;0
28/05/25;0
29/05/25;0
30/05/25;0
31/05/25;13
01/06/25;0
02/06/25;0
03/06/25;1
04/06/25;27
05/06/25;0
06/06/25;0
07/06/25;0
08/06/25;1
09/06/25;20
10/06/25;17
11/06/25;0
12/06/25;0
13/06/25;0
14/06/25;41
15/06/25;7
16/06/25;17
17/06/25;5
18/06/25;0
19/06/25;0
20/06/25;0
21/06/25;8
22/06/25;0
23/06/25;0
24/06/25;0
25/06/25;0
26/06/25;0
27/06/25;1
28/06/25;0
29/06/25;0
30/06/25;0
01/07/25;0
02/07/25;9
03/07/25;7
04/07/25;0
05/07/25;38
06/07/25;8
07/07/25;19
08/07/25;0
09/07/25;0
10/07/25;0
11/07/25;0
12/07/25;0
13/07/25;0
14/07/25;0
15/07/25;0
16/07/25;0
17/07/25;0
18/07/25;0
19/07/25;0
20/07/25;0
21/07/25;0
22/07/25;0
23/07/25;0
24/07/25;0
25/07/25;0
26/07/25;0
27/07/25;0
28/07/25;10
29/07/25;0
30/07/25;0
31/07/25;0
01/08/25;0
02/08/25;0
03/08/25;0
04/08/25;21
05/08/25;9
06/08/25;0
07/08/25;0
08/08/25;0
09/08/25;0
10/08/25;2
11/08/25;1
12/08/25;0
13/08/25;20
14/08/25;0
15/08/25;0
16/08/25;0
17/08/25;0
18/08/25;0
19/08/25;54
20/08/25;2
21/08/25;17
22/08/25;0
23/08/25;0
24/08/25;0
25/08/25;0
26/08/25;0
27/08/25;0
28/08/25;0
29/08/25;3
30/08/25;0
31/08/25;0
01/09/25;0
02/09/25;0
03/09/25;0
04/09/25;0
05/09/25;1
06/09/25;0
07/09/25;0
08/09/25;0
09/09/25;0
10/09/25;2
11/09/25;1
12/09/25;0
13/09/25;0
14/09/25;0
15/09/25;0
16/09/25;6
17/09/25;10
18/09/25;2
19/09/25;3
20/09/25;0
21/09/25;0
22/09/25;0
23/09/25;0
24/09/25;1
25/09/25;0
26/09/25;0
27/09/25;0
28/09/25;3
29/09/25;8
30/09/25;20
01/10/25;2
02/10/25;0
03/10/25;0
04/10/25;0
05/10/25;0
06/10/25;0
07/10/25;0
08/10/25;0
09/10/25;0
10/10/25;0
11/10/25;0
12/10/25;1
13/10/25;1
14/10/25;0
15/10/25;12
16/10/25;0
17/10/25;2
18/10/25;0
19/10/25;2
20/10/25;5
21/10/25;110
22/10/25;50
23/10/25;6
24/10/25;71
25/10/25;15
26/10/25;31
27/10/25;13
28/10/25;4
29/10/25;2
30/10/25;49
31/10/25;57
01/11/25;13
02/11/25;66
03/11/25;52
04/11/25;8
05/11/25;20
06/11/25;18
07/11/25;16
08/11/25;5
09/11/25;3
10/11/25;24
11/11/25;29
12/11/25;6
13/11/25;7
14/11/25;6
15/11/25;6
16/11/25;13
17/11/25;0
18/11/25;55
19/11/25;0
20/11/25;15
21/11/25;15
22/11/25;0
23/11/25;5
24/11/25;0
25/11/25;0
26/11/25;12
27/11/25;9
28/11/25;0
29/11/25;0
30/11/25;17
01/12/25;6
02/12/25;21
03/12/25;27
04/12/25;40
05/12/25;14
06/12/25;20
07/12/25;1
08/12/25;34
09/12/25;6
10/12/25;11
11/12/25;2
12/12/25;0
13/12/25;1
14/12/25;34
15/12/25;2
16/12/25;1
17/12/25;0
18/12/25;0
19/12/25;0
20/12/25;49
21/12/25;13
22/12/25;51
23/12/25;5
24/12/25;11
25/12/25;2
26/12/25;122
27/12/25;2
28/12/25;0
29/12/25;0
30/12/25;63
31/12/25;0